coding_id,genre,source,context,interjection_syn,interjection_sem,interjection_int,notes
F001,FIC,Zamba,"couch, where arms maternal Gives to the shivering form its warmest shelter. Now fie upon such manhood! these are brutes Compared with him that serves him of the",,,,
F002,FIC,WestPoint,"Mrs. Arnold. Mrs. Arnold Oh! I understand. Major Talmadge? Fie, fie, I can't, upon my life, see why you should forego all",,,,
F003,FIC,FairGodTheLast,", or to the fountain yet faintly illuminated. But he was firm. "" Fie, fie! "" he said. "" You should laugh, not cry.",,,,
F004,FIC,Elopement,"a flame that will require something more than water to extinguish. Marie. Marie Fie, Annette! Madelaine is betrothed to Mons. Lefvre, and you, who are",,,,
F005,FIC,HeartsSecretOr,"able to go to-morrow -- at least I fear I shall not. "" "" Fie, fie, my daughter; thou, the prettiest bird in all the island",,,,
F006,FIC,LadyPirate,"first chapter of Genesis, Jimmy. "" "" What's that? "" "" Fie! Fie! Jimmy, haven't you read that? "" He shook his",,,,
F007,FIC,IngleboroughHall,"a thought of that kind ever occurred to me? Oh no -- fie! fie! but, on my word, I believe I can do it. """,,,,
F008,FIC,ErnestMaltravers188-?,"by all accounts, half a dozen didn't serve him. Aloud Oh, fie! my dear sir, for shame! I didn't insinuate such a thing",,,,
F009,MAG,Harpers,", were not in the room with our young people, going to cry out fie and for shame? Then tie and for shame upon you, Mrs. Grundy!",,,,
F010,NEWS,NYT-Reg,"Cripple Creek. Orchard made a similar denial, as, - in fact, fie did to all of the.. questions: - The third question was of",,,,
F011,FIC,WidowsMarriage,"the church-door! -- Mercy! Madge, Don't stare so at them. Fie! you naughty child, I'm blushing for you. Marry! when you",,,,
F012,FIC,DaughtersRevolution,"his oration, "" said the moderator. "" No, no! fie, fie! "" shouted a captain of the Royal Irish Regiment, and the other officers",,,,
F013,FIC,DreamLife A,"if it won't be true some day or other. - - - - Fie, Clarence, where is your split sixpence, and your blue ribbon! Jenny",,,,
F014,FIC,MovingTarget,"over his records. "" Graves let me pull him back into his seat. FIe stroked his closed eyelids with his fingertips. "" This case is. the wildest",,,,
F015,FIC,Liz,", very silly; the Scilly Isles. An. Anice Barholm (laughs) Fie! A clergyman and making puns. Lons. Rev. Arthur Lonsdale I apologise,",,,,
F016,MAG,Atlantic,"Washington a mudhole, and left it the city of beauty it is to-day. fie. suffered the fate of all reformers,? he was abused, calumniated,",,,,
F017,FIC,RichardEdneyGovernors,"The wounds of Young America heal quick. A breach in a mill-dam, -- fie! it is no more than a bird-track through our incalculable sky. Then there",,,,
F018,FIC,WhenLifeIsYoung,"nor right. "" "" You won't, you naughty boy? Oh, fie! You dare to tell me mind my eye? Come down this instant!",,,,
F019,FIC,RomanTraitorVol12,"moved down in company toward the river. CHAPTER VI. THE FALSE LOVE. Fie, fie, upon her; There's a language in her eye, her",,,,
F020,TV/MOV,Hamlet,"heaven. O earth. What else? And shall I couple hell? O fie. Hold, hold, my heart and you, my sinews, grow not",,,,
F021,FIC,Orlando,"on heaven -- And echo to the horizon mock'd me! Sel. Selim Fie, fie, good lady, fie! compose yourself. What use of this",,,,
F022,MAG,Atlantic,"too absorbed in remote considerations to throw himself with passion into direct conflict.' fie was the most extraordinary man I ever saw,' says Heintzelman.' I",,,,
F023,FIC,Promise,"The Bible they change whenever they do not understand what they read. //I' fie Gemora ""? he used the traditional synonym for the Talmud, though the",,,,
F024,FIC,LauncelotGuenevere [1898-1907],"nigh -- And this is Cupid's ladder. Lionors. Lionors. Oh, fie! it is a jade's song. Naughty boy, You must be good",,,,
F025,MAG,Nation,"great era in German literature at the end of the eighteenth century, m as fie deplor -- s the fact that "" but few of the ideals that swelled the",,,,
F026,TV/MOV,Captain Blood,"afraid of Col. Bishop. No. That is, not very afraid. Fie on you deserting our captain in this way... you scurvy traitors, you Judas",,,,
F027,FIC,RomanTraitorVol12,"wine, and ripe for any outrage? "" "" Fie! dear one, fie! "" answered the young man with a smile -- "" a sorry soldier wouldst",,,,
F028,FIC,WaitingWinter,kissing and looked into each other's eyes. She looked vulnerable and small. FIe drew her to him again and kissed her neck. At first she did not,,,,
F029,MAG,Atlantic,but an entry to the world where she and her daughters had a birthright? Fie!' t was a very different pair of shoes. But George Anne had,,,,
F030,NEWS,NYT-Reg,"was indirect. An Army spokesman had said that selected units were involved, but fie emphasized he could cite no specific order. The Army spoke-man compared the military precautions",,,,
F031,FIC,DramasDiscourses,"shame! outrage! Turn not, indignant -- Fie, my lord, O fie! (To Mountfort.) To mock your own white head! Mount.",,,,
F032,FIC,SirRohansGhost,"putting into it lumps of suet as big as my two thumbs. "" "" Fie, papa! "" "" Those were the fabulous exploits, "" responded Sir Rohan",,,,
F033,FIC,KateClarendonNecromancy,""" that will depend much upon a certain monosyllable from Emma here. "" "" Fie! Orville, "" said Emma, blush ing, and dragging him away,",,,,
F034,MAG,SatEvePost,". "" Ray Grundler came running with the rope, "" he says. "" fie was going down in the hole. Me and another guy grabbed him -- and",,,,
F035,FIC,RobBowlALegend,"as you do, for a most shallow vessel, Captain Dauntrees? "" "" Fie on thee, dame! You disgrace your own flesh and blood by such speech",,,,
F036,FIC,Nydia,"with your mechanic Isis -- Her rolling eyes, her oracles? -- oh! fie! What think you of your efforts to corrupt The pure, high nature of",,,,
F037,FIC,ElmTreeTales,", and that these women wouldn't get such plaguy notions in their heads! Fie, fie! Captain Flin, will you let the weaker vessel go ahead of",,,,
F038,FIC,WinklesTheMerry,"eh? "" said he. "" Well, I must submit. "" "" Fie, colonel, "" said Miss Arum, "" of course you must submit,",,,,
F039,FIC,WifeAtVenture,"your situation purely for your benefit -- and you to behave thus, fie, fie! Ibad. Ibad It was wrong, it was wrong. What can I",,,,
F040,FIC,WorldMask,"Galldove So! My cousin has more care for that. Lucy. Lucy Willburg Fie! sir, you make me merry. Gal. Galldove Is it not pardonable",,,,
F041,NEWS,NYT-Reg,"fiancee of. Lieutenant moor, had received no additional information at her borne at fie West Eighty-seventh Street. Mrs. Stephen A. Farrell, wife of Lieutenant Farrell, at",,,,
F042,MAG,SatEvePost,". How's about telling mc about it in your own words? "" "" Fie's one of the classiest guys we've ever had on our show, """,,,,
F043,FIC,HighWindow,"I'm not saying it isn't so. I'm just considering. "" FIe turned his attention back to Hench. "" So now, if this turns out",,,,
F044,FIC,ScarletLetter,"and pious minister of the Word, like the Reverend Mr. Dimmesdale! "" "" Fie, woman, fie! "" cried the old lady, shaking her finger at",,,,
F045,FIC,Sertorius,"us twain, as alike an enemy to head and foot. FLAVIUS. FLAVIUS Fie on' t, fie! you are only chafed because my trade is the",,,,
F046,FIC,LauncelotGuenevere [1898-1907],"your swords. He dies, Who touches these old men except with reverence. Fie, would ye strike the herald in his office Or run upon unweaponed age?",,,,
F047,FIC,Whistle,"What a pleasure! I just now caught you on 77ie A.M. Show. "" fie was beside us both with religious ecstasy. | "" I'll take you right up",,,,
F048,NF/ACAD,EnglishFairyTales,"knock came to the door, and a dreadful voice said: "" Fee, fie, fo, fum, I smell the blood of some earthly one. Who",,,,
F049,MAG,Harpers,"the prettiest little fingers to the prettiest little rosy ears in the world. Oh fie, Sir! to use such naughty words. T is lucky the Captain is",,,,
F050,FIC,MorningNoonNight,"of a chance. He will drive his chaste sister to cry: Oh, fie, fie, fie! He sues to live; he is ready to accept",,,,
F051,FIC,ActressInHighLife,"I am at myself. Have you ever heard of our Scottish superstition of being fie -- that is, possessed by a preternatural excess of vivacity? No? It",,,,
F052,FIC,ErnestMaltravers188-?,"Flor. Lady Florence To Lumley Ferrers, if he will accept of her. Fie, fie! Sir Ernest, this is not cordial greeting to your friend,",,,,
F053,FIC,DramasDiscourses,", turn not -- Shame! shame! outrage! Turn not, indignant -- Fie, my lord, O fie! (To Mountfort.) To mock your",,,,
F054,FIC,ElsiesMotherhood,"Dick, "" what! Ed Travilla, you play with carpet-baggers, eh? fie on you! I wouldn't be seen with one. "" "" That's",,,,
F055,FIC,PrudyKeepingHouse,"love best, great ugly grizzles or hunkydory little parrots? "" "" O, fie! "" said Mrs. Pragoff, really shocked; "" where did a well-bred child",,,,
F056,FIC,LauncelotGuenevere,"That will not do. Curse him, they will not doubt his word. Fie, fie! Can not I weave a better lie than this? --'",,,,
F057,TV/MOV,The Merchant of Venice,"my constant soul. No! Who's there? - Signior Antonio! - Fie, fie, Gratiano.' T is ten o'clock, our friends all wait",,,,
F058,FIC,KnightGoldenMelice,"her till her lips had paid the penalty of their sweetness. "" Oh, fie, "" said she, once more; "" what would folk say if they",,,,
F059,FIC,ArtDisappearing,", mortification, shame, fifty tigerish feelings that could not find expression. "" Fie, fie, Colette! You have proved that I am Arthur Dillon. Why",,,,
F060,FIC,Orlando,"-- And echo to the horizon mock'd me! Sel. Selim Fie, fie, good lady, fie! compose yourself. What use of this? there",,,,
F061,FIC,EveningsAtDonaldson,"A glance whose brightness melted into tears was her only answer. "" Fie! fie! tears again? I shall have to scold my sister, "" said Edward",,,,
F062,FIC,Richelieu,"; but to take advantage of her helpless, defenceless, situation -- Oh, fie! fie! -- A ruffian could not have done worse!' T was",,,,
F063,FIC,CountJulianThe,"Toro! "" she exclaimed. "" They have raised her up -- fie -- fie -- her neck is bare, and yet she does not heed it. She",,,,
F064,MAG,NorthAmRev,"community we must look for that elevated sense of justice which will not ti * fie with grave matters nor regard outrageous verdicts with complacency. Let us hope, as",,,,
F065,FIC,OctaviaBragaldi,"Octavia. Octavia Bragaldi Not yet returned! what can have thus delayed him? Fie, fie, Octavia, be again thyself! Let me be calm, and",,,,
F066,FIC,Sertorius,"an enemy to head and foot. FLAVIUS. FLAVIUS Fie on' t, fie! you are only chafed because my trade is the more prescriptive and honourable of",,,,
F067,FIC,LoveConquersAll,"is an deplorable thing, God wot, "" says the traveling man. "" Fie, brother, but you think awry. Come, don smart your thinking-cap and",,,,
F068,FIC,HeartsHighway,"the heights of her own resolution by a good excuse for having fallen -- "" Fie, why should I not have told you, Master Wingfield? You can not",,,,
F069,FIC,BlackMan,"If I'd been your wife, I know what I'd have done. Fie! Man, fie! To turn the house topsy turvy -- desert your wife",,,,
F070,FIC,KnightGoldenMelice,"rewarded himself with a couple of smacks like the report of a pistol. "" Fie, for shame, Philip, "" cried Prudence, all in a glow,",,,,
F071,FIC,LegendsProvince,"and miserable petitions, as if Lady Eleanore could be conscious of mortal infirmity? Fie! Heap of diseased mortality, why lurkest thou in my lady's chamber?",,,,
F072,FIC,Richelieu,". Does she think to fix the roving Richelieu? Lam. Lamotte Oh, fie! Has she no conscience? What a monopolizing spirit! Rich. Duke of",,,,
F073,FIC,ChangeHeart,"back again, And pray her to a fault for which I chid her. Fie, fie, how wayward is this foolish love, That, like a testy",,,,
F074,TV/MOV,Presenting Lily Mars,"Who would have thought that the old man had so much blood in him? Fie, Macbeth! Fie! A soldier, and afraid? What, will these",,,,
F075,FIC,FairGodTheLast,"to the fountain yet faintly illuminated. But he was firm. "" Fie, fie! "" he said. "" You should laugh, not cry. Did I",,,,
F076,MAG,ChildLife,"just once to school before I put it away for the summer? "" "" Fie, child, "" rebuked Granny, "" that is but vanity. Besides it",,,,
F077,NF/ACAD,MirrorsWashington,"comic-paper way, and Fiume pronouncing the first syllable as if he were exclaiming "" Fie! for shame! "" -- an unspoiled Texan who must have cared as little",,,,
F078,NEWS,Chicago,"jail. Nine Deputies On Guard She walked unostentatiously into the courtroom, looking to fie; lawyer. James J. Laughlin, for a greeting as she moved tow",,,,
F079,FIC,Play:MerchantVenice,"not sad. p. 4 SALARINO Why, then you are in love. ANTONIO Fie, fie! SALARINO Not in love neither? Then let's say you're",,,,
F080,FIC,WinterConcert,", "" she said. "" All the stories we never know. "" And fie smiled further, reaching to touch her mittened hand because he had known she might",,,,
F081,FIC,MartinMerrivale,"the kitchen. "" I hate this whispering -- whispering. "" "" Fie, fie, mother! "" replied Uncle Joe. "" If it' s anything concerns",,,,
F082,FIC,Nydia,", Since he chose you as mistress of his heart? Ione: Ione: Fie, jester, you are merry! Apaecides: Apaecides: Love is so.",,,,
F083,FIC,NewGentleShepherd,"And set his nose a bleeding. Mause. Mause Let go your gripes; Fie, Madge! shame, Bauldy, shame! I would not wish this combat",,,,
F084,MAG,Time,"W. Davis? "" asked Senator Gibson of Vermont examining the list. # "" Fie is a Democrat. He ran for President one year. "" # "" This",,,,
F085,NF/ACAD,ScienceGoodBad,"week for any given individual, since this cycle is -- --?? r- fie I., no if vrn, r twitch noint for the 28-cycle is on //",,,,
F086,FIC,KateAccomplice,"dear and only child!' And the poor girl sobbed aloud. Fie, fie!' exclaimed Light Joe, with an attempt at a laugh; (he",,,,
F087,FIC,JanetsLoveService,"then. "" Rose laughed merrily. "" Who? The minister? Oh! fie, Sandy man, you shouldna speak such nonsense. Wee Rosie, are you",,,,
F088,FIC,Good-for-Nothing,"be ashamed of myself. All right -- I'm ashamed of myself. "" FIe smiled for a moment. Then after another puff at his cigar, his voice",,,,
F089,NEWS,NYT-Reg,"issues. This was verified by a team of New York Times reporters in the fie: d. On the basis of findings of The Times' survey team,",,,,
F090,NEWS,NYT-Ed,"his party followers who are now begging the Presidentto, save them,' "" fie might well ask: "" Who is sufficient for these things? "" The work",,,,
F091,FIC,Play:ScarecrowThe,"(Throwing the book into the fireplace.) She does not come! DICKON Fie, fie, Jack; thou must not be breaking thy Dickon's apron-strings with",,,,
F092,FIC,LeonorDeGuzman,"see him not. Laughing. Alb. Don Juan Alonso de Alburquerqu O, fie! my lady, Is childish trifling the best wit you bring, To meet",,,,
F093,FIC,Good-for-Nothing,"was as wide-awake as he could be. He slapped Norman on the back. FIe sniffed around the room a few times and said, "" What's that funny",,,,
F094,FIC,Nydia,"to touch the highest flight Of an Egyptian's spirit. Arbaces: Arbaces: Fie! I'll go To Isis' temple, and implore her grace To pardon",,,,
F095,FIC,VenicePreserved,"L. C.) I will, when I've done weeping -- Jaf. Jaffier Fie, no more on't! How long is't since the miserable day We wedded",,,,
F096,MAG,Harpers,": If Lord Melbourne isn't very tired, c'd he come here? Fie needn't, dress, but can come just as he' is. The",,,,
F097,FIC,LeonorDeGuzman,"have found A wench's garter, and would tie it on. Fie! fie! it turns my stomach inside out, To hear their lady-talk. Ca.",,,,
F098,FIC,PoemsProseWritings,"cries, with crazy Lear; And squaretoed boots and Squaretoes disappear, -- -- Fie, scant-robed ghost, to thus cut roundabout That modest miss, and so play",,,,
F099,FIC,ChildrenWhirlwind,"with a little play of smiling pouts, very bewitching on such lips. "" Fie, my lord! Be pleased to call your wolves off my lambs. """,,,,
F100,MAG,Harpers,"endure are listed as sheer improvidence. In Mr. Berryman's scrupulous pages many a fie is nailed, though he knows that the worst tales about Crane will live,",,,,
F101,FIC,DaughtersRevolution,"Warren for his oration, "" said the moderator. "" No, no! fie, fie! "" shouted a captain of the Royal Irish Regiment, and the",,,,
F102,FIC,ChangeHeart,"wants resolvd will To learn his wit to exchange the bad for better. -- Fie, fie, unreverend tongue! to call her bad Whose sovereignty so oft thou",,,,
F103,FIC,Play:Herrick,"'s heart, by tricks, by insult and by foul deceit. Oh, fie! Shame on ye, and most on you, my father. What are",,,,
F104,FIC,YearsGrace,"But that is different, and he is paid for doing it. "" "" Fie on you, Brother. How can you speak so disparaginglyof dear Father Serra.",,,,
F105,FIC,LadyPirate,"were mallards and teals, a couple of dozen at least. "" Fie, fie! "" said I. "" I fear you've been shooting on the water.",,,,
F106,FIC,VariousWritings,"might have been as easily done as kissing a wench. BRISK. Fie, fie, Crowder! -- we must move gently; anything but a misdemeanor or open",,,,
F107,NF/ACAD,ArchitectureDeconstruction,"what pleases by its form, that is the fundamental prerequisite for taste. "" fie In this way, the critique employs the distinction between form and matter with which",,,,
F108,FIC,BiancaCappello,"better -- I, who have A standing post of honor in the court, Fie, post! stand there against the palace door, Whilst I shall enter in",,,,
F109,FIC,PhilipWinwood,", utterly happy! "" was the burden of Phil's low-spoken words. "" Fie! "" said Margaret, playfully, one evening. "" You must not be",,,,
F110,MAG,NewYorker,"a waiter on my way to work, instead of like a clown. "" fie pulled a pair of driving gloves over his white gloves, picked up a dance",,,,
F111,FIC,DavidFlemingsForgiveness,"boy, lifting his head, "" what is the seven-and-twentieth? "" "" Oh fie, Davie! to be thinking of propositions and such-like worldly things, and this",,,,
F112,NEWS,Chicago,"the President will send to con? cress the first weer: in January. fie, pleaded tor postponement of action until the regular session after the presentation of the",,,,
F113,FIC,StandishStandish,"grumble at tarrying with me to care for thine own dear sister and brother? Fie on thee, girl! "" "" They're not my own, "" grumbled",,,,
F114,FIC,Play:Herrick,"Come tell me all. p. 39 HERRICK All what? AUNT TEMPLE Fie, fie, I know it all -- thy secret. HERRICK Thou dost? Bless thee",,,,
F115,FIC,Sertorius,"And pensive sadness fills the throne of joy. SERTORIUS. QUINTIS SERTORIUS Fie, fie, Perpenna -- thou, a camp bred soldier, With tongue untutor'd in",,,,
F116,FIC,Strollers,"I twenty years younger, I would not thus be set aside. "" "" Fie, Marquis! "" she returned. "" These other people are dull, while",,,,
F117,FIC,Analog,""" What happened to it? "" # "" Well, "" Dad says. Fie looks away. "" I sold it before I joined the Army. "" #",,,,
F118,FIC,DottyDimpleAtHer,"to my hair any more'n you do. What do you s'pose! "" "" Fie! for shame, Dotty Dimple! I always thought you were a coward,",,,,
F119,FIC,Deformed,"you so: then thou shalt try her virtue. Clau. Claudio Fie, fie!. Ador. Adorni Thou shalt. Clau. Claudio Pray fool yourself no",,,,
F120,FIC,RomanTraitorVol12,"them, when flushed with wine, and ripe for any outrage? "" "" Fie! dear one, fie! "" answered the young man with a smile --",,,,
F121,FIC,LauncelotGuenevere [1898-1907],"not do. Curse him, they will not doubt his word. Fie, fie! Can not I weave a better lie than this? --' T is",,,,
F122,FIC,LovesSacrifice,"-- there is not one for half-a-dozen of us! Mar. Margaret Fie, fie, girl! To your task. I shall be late. You know,",,,,
F123,FIC,Strollers,", O spirit of good Master Tobin!) the countryman responded reprovingly: "" Fie, my noble Duke! Have you no water from the well? "" An",,,,
F124,FIC,AirsPalestineOther,"far, If I've not seen thee lighting a cigar; -- Fie! Fie! my friend, eschew the nauseous stuff! I hate thy smoking! I",,,,
F125,NF/ACAD,AnatomyIsraeli,"array of bombers, fighters, and fighter-bombers in favour of one all-purpose type. fie and the air staff favoured fighter-bombers. But it was impossible",,,,
F126,FIC,ThirdDeadlySin,"diet. "" "" Sure. "" "" No more sandwiches for you. "" Fie sighed. "" You never give up, do you? "" he said wonderingly",,,,
F127,FIC,RoyalApe,"! Kate. Kate And so can I. Kitty. Kitty O! fie! fie, Kate! where is your modesty? To offer, in the very dead",,,,
F128,FIC,MerchantVenice,". SALAR. Salarino Why, then you are in love. ANT. Antonio Fie, fie! SALAR. Salarino Not in love, neither? Then let us",,,,
F129,NF/ACAD,ArtsCraftsInMiddle,"sad productions of barbrous and dull spirits, which disfigure our old churches. "" Fie on a Frenchman who could so express himself! We recall the story of how",,,,
F130,FIC,ThirtyYearsAgo,"a second Mahomet overthrowing idolatry! The wooden god of the Yankee-doodles lies prostrate! Fie, George Frederick to triumph over a block. Farewell, poor Tom! poor",,,,
F131,FIC,BiancaCappello,"virtue I forsook, Forsaking childhood's home. Prince. Prince Regent Fie, fie, Bianca!' T is for thy virtue, more than other charms,",,,,
F132,FIC,Cabal,"not so sure. "" "" How does Mickey feel about it. "" "" Fie likes things the way they are. Why not? An only child has it",,,,
F133,FIC,PoemsStories,"school-teachers cheated; Smuggled candy in school; smoked cigars, and -- O, fie! -- Read a great many very queer books on the sly. She'",,,,
F134,MAG,Harpers,or research work with an intensity unknown to any other method. A letter can fie read when inclosed in twelve thicknesses of envelope. Coins and bank-bills have been discovered,,,,
F135,FIC,SlovenlyBetsy,"Oh! Betsy, what a sight you are! Oh! Slovenly Betsy, fie! "" One rainy day her parents went Some pleasant friends to meet. They",,,,
F136,NEWS,NYT,"difficult to enjoy a fifty- dollar steak when Junior next to me is screaming' Fie truck! Fie truck!' "" # "" I agree. But like I",,,,
F137,FIC,Deformed,"Put up your spits boys, this is not the place For such amusement. Fie: put up your spits; The lady is alarmed. Clau. Claudio We",,,,
F138,FIC,TeresaContarini,Who was't I called father? Not one who caused all this! Fie! fie! do fathers Thus immolate their children? I have heard Of pyres and axes,,,,
F139,NEWS,Chicago,", Korea, and other nations from the state department. "" Proposes Ignoring Seizure Fie proposed that the United States ignore the seizure of the canal by Nasser. Jenner",,,,
F140,FIC,LovesSacrifice,"I am not nameless, But called Eugene de Lorme. Friar. Friar Dominic Fie, fie, young braggart! I knew De Lorme, whom thou wouldst claim",,,,
F141,FIC,Poems,"-- I can not speak the lines, I'm sure! -- Oh, fie! To say I must! -- but if I must -- I'll try",,,,
F142,FIC,JestEarnest,", "" All your features redeem you from that charge. "" "" O, fie! "" she exclaimed, "" a pun and flattery in one breath! """,,,,
F143,FIC,Thèrése,"her tenants -- and it might do us no good to -- Lav. Lavigne Fie, wife! Refuse to take the young girl in, and in such weather",,,,
F144,FIC,Augustus,"warmly. "" Did you think I would not be -- my own son? Fie on you, madam, for believing otherwise. I told you once I was",,,,
F145,FIC,CavaliersVirginia,"if you had not announced your nomination for a secondary office. "" "" O fie, fie, Virginia, I did not think you could play the hypocrite so",,,,
F146,TV/MOV,Led Zeppelin: The So...,""" From his hiding place he heard a mighty rumbling voice. "" Fee, fie, foe, fum. "" I smell the blood of an Englishman. """,,,,
F147,FIC,BillyBaxtersLetters,".' Of gallantry, I'll be bound,' she exclaimed.' Fie, Madame de Bruhl, and you but six months married!' Madame de",,,,
F148,FIC,Poems,"If there be any such, they are rank fools. Dishonest was I? Fie! Beyond the verge Of Law -- and that, as I suppose, is",,,,
F149,MAG,Harpers,"the Communists might he less calamitous than it would seem. At worst they would fie circumscribed and at best diminished. Time and again, strong opposition parties have been",,,,
F150,FIC,PrudyKeepingHouse,""" said Prudy; "" it's just like riding round Willow-brook. "" "" Fie! don't tell me there's anything so beautiful in Maine! I expect",,,,
F151,TV/MOV,As You Like It,"foul body of this infected world, if they will patiently receive my medicine. Fie on thee! I can tell what thou wouldst do. What, for a",,,,
F152,FIC,HonorablePeter,"have only one. The sweetest, loveliest child you can imagine. "" "" Fie, fie, Rosebud, "" cried a voice from the doorway. "" You",,,,
F153,MAG,SatEvePost,""" The Big Man, "" "" The Little Man ""? he stands only fie feet, four inches in his elevator shoes -- or simply The Man. """,,,,
F154,FIC,OctaviaBragaldi,"Octavia Bragaldi Not yet returned! what can have thus delayed him? Fie, fie, Octavia, be again thyself! Let me be calm, and still this",,,,
F155,FIC,HeartsHighway,"A pretty parson, forsooth! And to keep company with a pirate captain! Fie! When he looks at me, I clutch my gold chain and turn the",,,,
F156,TV/MOV,High School High,". Mr. Clark has taken this place on as a special project. "" Fie, my lord, fie! "" Out, damned spot. Out, I",,,,
F157,NEWS,NYT-Ed,"no difference in sense between "" He belongs to the Forty-second Regiment "" and "" fie belongs With the Forty-second Reglinent, "" the first of Which, according to him",,,,
F158,FIC,LauncelotGuenevere,"leaving Dinadan and going over to Launcelot). Launcelot... Now, fie, fie! Be merry, man. The old rogue is well served.... It",,,,
F159,FIC,GeneralsLady,""" And you don't even know which lady it was, I warrant! Fie upon you pretty gentlemen. Well, this was a red-headed one. Shy and",,,,
F160,FIC,LauncelotGuenevere,"not do. Curse him, they will not doubt his word. Fie, fie! Can not I weave a better lie than this? --' T is",,,,
F161,FIC,RobBowlALegend,"if your Lordship will weigh it. "" "" Fie, Master Garret Weasel! Fie on thee! Thou art in thy cups. I grieve to see thee making",,,,
F162,FIC,LeftBehind,"to a window in first class, a writer sat hunched over his laptop. Fie shut down the machine, vowing to get back to his journal later. At",,,,
F163,FIC,LovesSacrifice,"short allowance -- there is not one for half-a-dozen of us! Mar. Margaret Fie, fie, girl! To your task. I shall be late. You",,,,
F164,FIC,GuyRiversATale,"is there that she will not give you another uncle? "" "" Oh, fie, Ralph! "" "" Ay, she is too feeble of will, too",,,,
F165,FIC,HatchieGuardian,"archness; but the crimson cheek and tremulous lips entirely defeated the intention. "" Fie, sister! You are jesting now, yourself, "" replied Henry, with",,,,
F166,FIC,Bankrupt,"Shelvill Edward, you will kill me with your bitterness. Gilt. Edward Giltwood Fie! sir; you are faint-hearted. Come, begin! Shorn. James Shelvill",,,,
F167,FIC,Play:ScarecrowThe,"and hands. JUSTICE MERTON What! he will dare -- an illegitimate -- DICKON Fie, fie, Gilly! Why, the brat is a lord now. JUSTICE",,,,
F168,NEWS,NYT-Reg,"w'ho has been in this city two weeks, accosted Fagan and told him that fie had been held up by a gang of men in front of: 13 Carmine",,,,
F169,FIC,Contrast,"delicate foot! "" "" Ha! General, what a well-turned -- "" LETITIA Fie! fie! Charlotte stopping her mouth, I protest you are quite a libertine",,,,
F170,FIC,CupLip,. Pauline. Pauline While going to Lucien. Lucien watches her at back. Fie! naughty cousin! he prefers a cup of coffee to our society. Exeunt,,,,
F171,FIC,ChangeHeart,", And pray her to a fault for which I chid her. Fie, fie, how wayward is this foolish love, That, like a testy babe,",,,,
F172,FIC,MabelVaughan,"'s content, Bessie, -- only at a distance, mind. "" "" Fie, uncle, what a coward! "" "" True enough, little Bess,",,,,
F173,MAG,Harpers,"elements must be reconciled, and should be. Science in contradiction with religion? Fie! Never! Why, science only clarifies religion, and religion enriches and fructifies",,,,
F174,FIC,CountryGirl,"I would say -- blisters on my tongue! Crosses, R. Peg. Peggy Fie, Bud, you have told all. Mocking him, skipping, and laughing",,,,
F175,FIC,ChosenFew Short,"for half an hour every day the merry notes of Old Pipes's piping. Fie upon you, Echo-dwarf! You are lazy and selfish; and that is what",,,,
F176,FIC,EutawASequelThe,"What! do you take for granted that of the young lady? "" "" Fie, my lord! how could you think me such a puppy? No --",,,,
F177,TV/MOV,Hamlet,"to sense. Why should we in our peevish opposition take it to heart? Fie,' t is a fault to heaven a fault against the dead, a",,,,
F178,FIC,Shoulder-Straps<,"surprised if you had not come back in a week. "" "" Fie! fie! Dick Crawford! I have half a mind not to play for you at",,,,
F179,FIC,Cigarette-Makers,"and not you only, but your friends and your rag and your tag! Fie! If you stay here long we shall end in dust and feathers! But",,,,
F180,NEWS,NYT-Ed,"no difference in sense between "" He belongs to the Forty-second Regiment "" and "" fie belongs With the Forty-second Reglinent, "" the first of Which, according to him",,,,
F181,FIC,Cabal,"on the shoulder and tell me I had to give it all back. "" fie smiled. His voice had rounded into humors and he seemed to be laughing at",,,,
F182,FIC,ChangeHeart,"back again, And pray her to a fault for which I chid her. Fie, fie, how wayward is this foolish love, That, like a testy",,,,
F183,FIC,Pontiac,"! why? Whose business' t is to die -- What! sighing? fie! Drown fear, drink on, be jolly, boys,' T is",,,,
F184,NEWS,NYT-Reg,"to gain a parliamentary opportunity publicly to announce the Berlin news. He announced that fie would make the journey to Berlin as planned, and this declaration was received with",,,,
F185,FIC,HeartsSecretOr,"being the thing least likely to be believed by the other. "" Fie, fie, Bezan. You in love, man? A soldier to marry? By",,,,
F186,FIC,ChangeHeart,", And pray her to a fault for which I chid her. Fie, fie, how wayward is this foolish love, That, like a testy babe,",,,,
F187,FIC,FairyTalesEvery,"hanging on, as if there were not enough of us already! And -- fie! - - how that duckling yonder looks; we won't stand that!",,,,
F188,FIC,MiracleBells,"descended to the street, got into his car and drove back to his hotel. fie wanted time to think -- to decide. He paced his room with clenched fists",,,,
F189,MAG,Century,"this is your friendship, what would be your love!)) ((Fie! fie! Hush!)) she said, and was gone. In",,,,
F190,FIC,WomanWhoDared,"a smile Tender as dawning light, yet arch and gay, Cried, "" Fie, my father! Could you be so dull? How could you treat my",,,,
F191,FIC,KateAccomplice,"-- a dear and only child!' And the poor girl sobbed aloud. Fie, fie!' exclaimed Light Joe, with an attempt at a laugh;",,,,
F192,FIC,Nydia,"Arbaces' house. Glaucus: Glaucus: Poor child! Nydia: Nydia: Fie, Glaucus! There may be dust upon me, but no stain. Glaucus",,,,
F193,MAG,GoodHouse,"paddled across a stream astride a log. At once the child becomes interested. FIe wants to hear more and, if one can spare the time to do it",,,,
F194,FIC,NewGentleShepherd,"Madge Old hag! filthy fellow, I'll old you! Mause. Mause Fie, no! -- you'll now be friends with honest Bauldy. Come,",,,,
F195,FIC,NabobVol22,"religion forbids him to have a Mohammedan for his mistress. "" "" Fie, fie, Jansoulet! "" "" What can you expect, Monsieur le Duc? You",,,,
F196,FIC,RobBowlALegend,"matter of consideration in that -- if your Lordship will weigh it. "" "" Fie, Master Garret Weasel! Fie on thee! Thou art in thy cups.",,,,
F197,FIC,UnspeakablePerk,"force back of the phenomenon. That energizing force she surmised was temper. "" Fie! "" said she severely. "" Beetle gentlemen should control their little feelings.",,,,
F198,FIC,GeraldineAthenia,", to beg for more contempt? This is to be a christian; -- fie, Abdallah! I thought you cherished more of manliness! Abd. Abdallah When",,,,
F199,NF/ACAD,FirstAdventures,"confession of philosophic faith which smacks of the dynamistic interpretation is the late view of fie who had formerly classified himself as an out-and-out panpsychist, Professor C. A. Strong.18 While",,,,
F200,FIC,PersonsPictures,"namesake with the Saint before it were worth a score of such. "" "" Fie, sister! "" said Blanche, gravely. "" I do not love to",,,,
F201,FIC,BrianOLinn186-?,"-- and our first child's name shall be Sheelah. Sheelah McCabe O, fie! Brian. Brian O'Linn Brian O'Linn THE END",,,,
F202,FIC,Bankrupt,"shrine, I shall bear any kind of penance patiently. Amy. Amy Giltwood Fie, Sir! you are an habitual flatterer. Awhile ago, you sneered at",,,,
F203,FIC,Trumps,"and yet you talk of being my only dependence in the world! Fie! fie! Mrs. Delilah Jones. "" It was melancholy merriment. He did not smile",,,,
F204,FIC,Inconstant,such a baby as bashfulness! A great lusty fellow! and a soldier! fie upon it. Get rid on't; get rid on't. Dur.,,,,
F205,FIC,PrudyKeepingHouse,"or she wouldn't run away, "" said Dotty, much shocked. "" Fie, Augustus! "" said Aunt Madge, who was laughing herself. "" I",,,,
F206,FIC,NabobVol22,"because his religion forbids him to have a Mohammedan for his mistress. "" "" Fie, fie, Jansoulet! "" "" What can you expect, Monsieur le Duc",,,,
F207,FIC,Orlando,", did e'er a brother love a sister thus? no! Ant. Antonio Fie, fie. Orl. Orlando I tell thee, friar, thou must wed",,,,
F208,FIC,WidowsMarriage,". Nick Prior Your grace, Your most imperious ladyship -- Lady G. Lady Goldstraw Fie! Nick, You over-rank me, fie! Call me plain Lady -- Plain",,,,
F209,MAG,Century,"your friendship, what would be your love!)) ((Fie! fie! Hush!)) she said, and was gone. In two hours",,,,
F210,FIC,Play:ScarecrowThe,". JUSTICE MERTON What! he will dare -- an illegitimate -- DICKON Fie, fie, Gilly! Why, the brat is a lord now. JUSTICE MERTON Oh",,,,
F211,FIC,Egyptian,"stretched forth my hands at kneecl before him, for I took him to be Fie, of whom Ptahor had spoken. t he did not heed me. He threw",,,,
F212,FIC,LovesSacrifice,child bequeaths A holy legacy in his revenge. Elm. Matthew Elmore Fie! fie! Shall twenty years not quench this thirst? I thought I had reared thee,,,,
F213,FIC,HiddenHand,"not even nerve and will enough to command the tones of my own voice? Fie on it! Cowardice is worse than death! "" And summoning all her resolution",,,,
F214,TV/MOV,The Merchant of Venice,"sea. Believe me, no. Why, then you're in love. Fie, fie, fie! Not in love either? Then let us say you",,,,
F215,FIC,Play:Herrick,"AUNT TEMPLE Come tell me all. p. 39 HERRICK All what? AUNT TEMPLE Fie, fie, I know it all -- thy secret. HERRICK Thou dost?",,,,
F216,FIC,IngleboroughHall,", and then I'd marry the foul fiend if need were. "" "" Fie! fie! Mark! "" answered Hale -- "" don't talk in that",,,,
F217,FIC,FearfulResponsibility,"the play, answers,' My mistress won't let me.' But fie! I am saying what young girls ought not to hear. "" After the",,,,
F218,NF/ACAD,PerplexityUltimacy,"to sense, Why should we in our peevish opposition Take it to heart? Fie!' T is a fault to heaven, A fault againt the dead,",,,,
F219,FIC,MassachRev,"makes a record of the disappearance, they're going to help find her. Fie takes down her description and says: "" Right, an old Arab woman from",,,,
F220,NEWS,WallStJrnl,had the pound sterling and the franc been allowed to fall to 3.20 and below fie as they were following the war with American credit withdrawn. All three nations have,,,,
F221,FIC,LovesSacrifice,"Stay, Eugene! Spare me -- be merciful! Eug. Eugene de Lorme Fie! -- fie upon This poor hypocrisy of seeming grief! Mar. Margaret Eugene",,,,
F222,FIC,EarthTrembled,"wish to become a big, luscious peach. Lor, Lor -- oh, fie! Am I saying naughty words? But then, my dears, you know",,,,
F223,MAG,NewEngYaleRev,"a trial as it is, by no means, fitted to endure. "" fie then sketches a frightful picture both of the miracles and the historic narrations in the",,,,
F224,MAG,Nation,"and strong-minded woman, thinkest thou lightly to forego the meek raptures of obedience? Fie, thus to flout thy natural lord' Must she obey? She must'",,,,
F225,FIC,KnightGoldenMelice,"a man who had a wedded wife who never said him nay. "" "" Fie, Dame, "" said the Assistant, laughing, and pinching, and kissing",,,,
F226,FIC,HeartsSecretOr,"without a complaint; but this business is too much for me! "" "" Fie, fie, man, "" said the prisoner, with assumed indifference; """,,,,
F227,FIC,Play:Herrick,"? The tell-tale blush comes up thy cheek as dawn comes up the sky. Fie, fie upon thee. Tell me, dost thou love me? p. 8",,,,
F228,MAG,NewYorker,"twenty years old; his face is somewhat ascetic and contained but often amused. Fie seems to speak as simply and directly as possible, in a quiet way,",,,,
F229,FIC,LauncelotGuenevere [1898-1907],"guilty twenty times, He doth as far this Ladinas o'erpeer As mountains anthills. Fie, a worm, a snail! Kaye. Kaye.' T is most",,,,
F230,NEWS,NYT-Reg,"'s feet. Parliamentary experts said Mr. Wilson had the edge in the exchange, fie had succeeded in making a major issue of a point that was extraneous to the",,,,
F231,FIC,CopperStreakTrail,"Nix! You appealed to ambition, egotism, and greed.... Fie! A fie upon each of you! "" "" Don't do that! Have mercy!",,,,
F232,FIC,TalesChesapeake,"ejaculating, "" Foei! weg! fychaam u! Fie! leave off! fie on you! What absurdity is this on the property of our hoofstad, our",,,,
F233,NEWS,Chicago,""" said Roy A. Robs ergs, president of the Kansas City Star. "" fie is a great organizer. When he came here our schools were in a chaotic",,,,
F234,FIC,HorseShoeRobinson,"when he set out, but I was not in his way. "" "" Fie, girl, you almost speak crossly! Tyrrel, I must think, is",,,,
F235,FIC,BlackMan,"your wife, I know what I'd have done. Fie! Man, fie! To turn the house topsy turvy -- desert your wife -- forget your child",,,,
F236,FIC,CupLip,"little girl. Pauline. Pauline Embracing her father, pouting. Little girl! fie! you naughty man. Goes to Clementine and embraces her. Clem. Clementine",,,,
F237,NF/ACAD,MemoirBarbaraEwing,"and mourning, and wo, and miserable anticipations, (I had almost said fie upon it,) but it will be given back with gladness, and with",,,,
F238,NF/ACAD,EnglishFairyTales,"knock came to the door, and a dreadful voice said: "" Fee, fie, fo, fum, I smell the blood of some earthly one. Who",,,,
F239,NEWS,Chicago,normal train brakes before going to the emergency brake but both failed to hold. Fie also denied knowledge of four marijuana cigarets police say were found in his shoulder bag,,,,
F240,NEWS,NYT-Ed,"more members at large. This will give the organization an Executive Committee of? Fie hundred members, chosen in such a way as fairly to represent the character and",,,,
F241,MAG,NewEngYaleRev,", what to him are the objections and rebukes of the man of God! Fie, on the opinions of the poor minister! Let him know his place,",,,,
F242,FIC,LastMohicansANarrative1757,"heard rustling in the surrounding forest. CHAPTER 30 "" If you deny me, fie upon your law! There is no force in the decrees of Venice: I",,,,
F243,FIC,Play:Herrick,"True, true, that's what the housemaid useth at my chamber door. Fie! AUNT TEMPLE Back to thy work, chatter-box. TEMPLE (Working and singing",,,,
F244,FIC,LadyPirate,"of Genesis, Jimmy. "" "" What's that? "" "" Fie! Fie! Jimmy, haven't you read that? "" He shook his head.",,,,
F245,FIC,ChildrenWhirlwind,"it to shelter them from the rain that you wear them? ""... "" Fie, Tata! Can you not fib yet without changing color? "" But Elfgiva",,,,
F246,FIC,LovesSacrifice,to his child bequeaths A holy legacy in his revenge. Elm. Matthew Elmore Fie! fie! Shall twenty years not quench this thirst? I thought I had,,,,
F247,FIC,Confidence-Man,"grave ere maturity struck them with a sharper frost. - - Charlie? "" "" Fie! you're a girl. "" "" Help, help, Charlie, I",,,,
F248,TV/MOV,Hamlet,"flat, and unprofitable... seem to me all the uses of this world. Fie on it!' T is an unweeded garden that grows to seed. Things",,,,
F249,FIC,BoardingSchools,". Jack. Jacko It's play that has made you quit your work. Fie, miss, play! That it is that's so pernicious for young folks",,,,
F250,NEWS,NYT-Ed,", hewonld make the admission general, the exclusion specific and exceptional. - This fie in reality the letter and the mint of the law on the subject, and",,,,
F251,NEWS,NYT-Reg,"as follows:, "" F. C. A.ndrews would draw a check for the amount fie wanted, and have it certified by the Cashier, Henry R. Andrews. He",,,,
F252,NF/ACAD,EnglishFairyTales,"Childe Rowland to the Dark Tower came.... "" His word was still: "" Fie, foh and fum, I smell the blood of a British man. """,,,,
F253,TV/MOV,Studio One in Hollywood,"they this child? - And made offerings mild. - Fire on them, fie. Would they beguile me thus? - Followed by their prophecy, they named",,,,
F254,NF/ACAD,CatholicityProtestantism,"Jerusalem, the propagation of the Gospel, and the perpetuity of the Church which Fie founded. // life in testimony of His Divine Mission: He had proclaimed Himself",,,,
F255,NEWS,NYT-Reg,"Mr. Gentele, driving a Fiat 125, passed a smaller Fiat 500 at' fie New York Times Goeran Gentele high speed and crashed head-on into a cement truck.",,,,
F256,FIC,Play:Herrick,"a joke to take Bob Herrick down, oh me! TEMPLE A joke, fie, father, fie! SIR TEMPLE Look on the poor man's face and",,,,
F257,FIC,HeartEarth,"bargain castle in the sand. The nice part is it costs no rent. Fie upon Phoenix, auf Wiedersehen to Alzona Park and specters of escaped Germans. Out",,,,
F258,FIC,Novels,""" "" In the same house? And -- perhaps -- married? "" "" Fie upon you, Mary. Is this the courage you have just avowed, to",,,,
F259,FIC,ChosenFew Short,"for half an hour every day the merry notes of Old Pipes's piping. Fie upon you, Echo-dwarf! You are lazy and selfish; and that is what",,,,
F260,FIC,StandishStandish,"her elbow, and Desire with a start and a laugh exclaimed, -- "" Fie on thee, John, to take a poor maid at her word so shortly",,,,
F261,NF/ACAD,HistoryEnglish,"what it was, and recoiled in horror. He was prudish: Fie, fie, for shame!' he said to a troupe of topless dancers, and",,,,
F262,FIC,EarthTrembled,"wish to become a big, luscious peach. Lor, Lor -- oh, fie! Am I saying naughty words? But then, my dears, you know",,,,
F263,FIC,Play:Herrick,"tell-tale blush comes up thy cheek as dawn comes up the sky. Fie, fie upon thee. Tell me, dost thou love me? p. 8 TEMPLE'",,,,
F264,FIC,EveningsAtDonaldson,"? "" A glance whose brightness melted into tears was her only answer. "" Fie! fie! tears again? I shall have to scold my sister, """,,,,
F265,FIC,Betrothal,wed Marsio. Fil. Filippia The poison in another shape. Cos. Costanza Fie! fie! Are quibbling jests the best advice you give? Fil. Filippia,,,,
F266,FIC,RoyalApe,my pocket? Lifts up his skirt to find his pocket. Kitty. Kitty Fie! that's not the way! Kate. Kate How lucky that it is,,,,
F267,FIC,Harpers,"house, which she did. Pocketing other half of his sudden wealth, he fie, France. Hoods questioned and watched Pauline. vilified my grandfather and slammed in",,,,
F268,NF/ACAD,MemoirsExtraordinary,"Justice: "" Alas! neighbour Banks, are you a ringleader in mischief? Fie I to abuse an aged woman! "" Banks: "" Woman! -- a",,,,
F269,FIC,LillsTravelsIn,"into the store, though it was half full of men, - - oh fie! Flaxie Frizzle! Mr. Jones, a lame man, was sitting next the",,,,
F270,FIC,BillyBaxtersLetters,".' Of gallantry, I'll be bound,' she exclaimed.' Fie, Madame de Bruhl, and you but six months married!' Madame de",,,,
F271,FIC,PoeticalWorks,", My heart in a flutter to follow The flight of my sailor man. Fie on a husband sitting Still, in the house at home! Give me a",,,,
F272,FIC,Bankrupt,", be balanced equally between you, pang for pang. Amy. Amy Giltwood Fie! sir, I am awake. You have been playing on my fancy,",,,,
F273,FIC,Deformed,"! say you so: then thou shalt try her virtue. Clau. Claudio Fie, fie!. Ador. Adorni Thou shalt. Clau. Claudio Pray fool",,,,
F274,FIC,Clarel,"in this peccant air, Conjuring yet to spare, but spare! Fie, fie, that didst in formal will Plot piously the posthumous snare. And thou,",,,,
F275,FIC,Harpers,"piece just for goo measure. If there is a God, then why does fie alloy the Poles to beat up the Jews? "" "" I don't know",,,,
F276,FIC,ElFureidis,"with an ecstatic hope, that Meredith dreamed himself the successful suitor of Havilah. Fie on him for a presumptuous, cold-hearted lover! Yet stay! Let us remember",,,,
F277,FIC,JimmyLucyAll,", Dave Blake! "" "" Well, go along and tell her then. Fie, for shame! "" Henry, a feeble, petted child, was always",,,,
F278,FIC,MotorGirls,not even scraping the tires; after me -- even kissing you! Fie! fie! little girl. Some day you may want another machine -- or a kiss,,,,
F279,FIC,FudgeDoingsBeing,"-- think they' ll have nothing to say, Miss Jemima? "" "" Fie, Mr. Blimmer! and are you not the only friend -- getting warm --",,,,
F280,MAG,ScienceNews,"sunset streaks to the last mounds of snow at the season's end. # Fie on snickering. Such wonders deserve awe. # "" They're amazing, """,,,,
F281,FIC,VenusInBoston <,"but my tongue is mute in the presence of such a divinity. "" "" Fie, sir! I must scold you if you flatter me, "" responded the",,,,
F282,FIC,DaughtersRevolution,"Warren for his oration, "" said the moderator. "" No, no! fie, fie! "" shouted a captain of the Royal Irish Regiment, and the",,,,
F283,FIC,BoardingSchools,school mistresses of the barrier of the virtues. Wid. W. The Widow Wantmore Fie! Fie! Funny man! You make me blush and feel so odd --,,,,
F284,FIC,EarthTrembled,"and are the better for it. That's the demmed total -- oh, fie! there I am at it again. Well, Cousin Hugh, to take",,,,
F285,FIC,LauncelotGuenevere,"guilty twenty times, He doth as far this Ladinas o'erpeer As mountains anthills. Fie, a worm, a snail! Kaye. Kaye.' T is most",,,,
F286,FIC,Inconstant,"runs to MIRABEL, the rest to OLD MIRABEL. Dug. Dugard Fie, fie, Mirabel, murder your father! Mir. Young Mirabel My father! What",,,,
F287,FIC,Changes,"chilled Pouilly-Fume. "" And I also thought their reaction was extremely good. "" fie looked satisfied, and smiled. "" I thought so too. "" And then",,,,
F288,FIC,Play:CalibanByYellow,"you here, sir? ANTONY Hiding his face. O fie, fie, fie! CHARMIAN Bending over her. Madam! EROS Appealing to Antony. Sir,",,,,
F289,FIC,Harpers,". He put his crutches clown, and carefully stretched himself on the grass. fIe folded his hands under his head and looked up. There was nothing but the",,,,
F290,FIC,HatchieGuardian,"to mention the name I bore in the innocent days of childhood. "" "" Fie, Delia! "" said Dalhousie, with a pleasant laugh, "" what have",,,,
F291,FIC,Witchcraft,"once born, Has children and great children beyond account. Ambla. Fie, fie, Gideon, they' re better useful: Whene'er I have hard thoughts of",,,,
F292,FIC,JimmyLucyAll,". And when they plague me I have to cry. "" "" Oh, fie, don't you do it! If I were a little black-eyed boy about",,,,
F293,FIC,PoemsMiscellanies,". MARGARET. Dearest lady, Drive me not from you! LADY AGNES. Fie on't! Margaret. Wouldst have me trust a decent Scottish lassie With Edward",,,,
F294,FIC,MartinMerrivale,"-- can it be aught else? -- creeps through all their veins. But fie on such details! "" Are you jealous now, my child? "" Martin",,,,
F295,FIC,Play:FaithOurFathers,"BYRD You agree, do you not, Colonel Washington? SALLY FAIRFAX Oh, fie! Maria Byrd. We know how he feels. GEORGE MASON A toast!",,,,
F296,FIC,PersonsPictures,"in the king's sight, "" cried Crofts, who came first. "" Fie! gentlemen! hold your hands! You are under arrest! "" Rosamond had",,,,
F297,NEWS,Chicago,"organist. We have been going together five months and we are engaged. "" FIe has some girl from another city write to him and has the letters sent to",,,,
F298,FIC,Play:NurseryMaidHeaven,"coming from Sister Benvenuta -- that alone -- ABBESS That will do. Fie, fie, little sister. The Sacred Bambino is not your serving Cavalier, that you",,,,
F299,FIC,Play:ScarecrowThe,"Eh? Why not? LORD RAVENSBANE I am a monster. DICKON Fie! fie! Thou shalt have her. LORD RAVENSBANE Have her, Dickon? DICKON For",,,,
F300,FIC,IngleboroughHall,"grace of Lauderdale, they say, is looking after. "" "" Fie! fie! Sir Henry -- fie! Do you suppose that a thought of that kind",,,,
F301,FIC,BoonIsland,"I wonder, John asked himself, when they expect me to marry her. Fie considered the matter, munching stolidly with his heavy jaw; he decided he could",,,,
F302,FIC,BoardingSchools,of the barrier of the virtues. Wid. W. The Widow Wantmore Fie! Fie! Funny man! You make me blush and feel so odd -- Pret. Pirouette,,,,
F303,FIC,Play:CalibanByYellow,". See you here, sir? ANTONY Hiding his face. O fie, fie, fie! CHARMIAN Bending over her. Madam! EROS Appealing to Antony.",,,,
F304,FIC,Play:MiceMen,"the trips to Ranelagh, that Harry let on to? p. 14 JOANNA GOODLAKE Fie, Mr. Goodlake. Your credulity is amazing. protest I scarce left the house",,,,
F305,FIC,FairGodTheLast,"I shall have to send back to the' tzin; and, Nenetzin, fie! the young lords would be afraid to see you now. "" "" The",,,,
F306,FIC,LotteryAdventures,"any Indian, except that, now and then, an inward smile seemed to fie in his gray eyes. A godless man was Summers, good in his way",,,,
F307,FIC,ChevaliersFrance,"crowded around his footstool, but in vain. "" Ha! my lord -- fie! "" cried he, gnashing his teeth, "" shame ye not, lords",,,,
F308,FIC,Orlando,"to clinch each the other; I know it. Hel. Heline Fie, fie, how can you say so, Claude. Cla. Claude Marry, I",,,,
F309,FIC,WebEvilNovelSuspense,"listening to King Arthur's bored and disaffected knights singing their rousing rendition of "" Fie on Goodness. "" As she drove past the Highway 111 interchange, the emergency",,,,
F310,MAG,Nation,"feeling and humdrum virtue. At heart, we have all become Hot-spurs, crying fie upon this quiet life. As we have said, the attack upon the Taft",,,,
F311,TV/MOV,Hamlet,"heart with words... and fall a-cursing like a very drab, a scullion! Fie! Foh! About, my brains. Give me that. It's heavy",,,,
F312,FIC,Inconstant,"R. DUGARD runs to MIRABEL, the rest to OLD MIRABEL. Dug. Dugard Fie, fie, Mirabel, murder your father! Mir. Young Mirabel My father",,,,
F313,FIC,HeartsSecretOr,"truth as being the thing least likely to be believed by the other. "" Fie, fie, Bezan. You in love, man? A soldier to marry",,,,
F314,FIC,MerchantVenice,". Salarino Why, then you are in love. ANT. Antonio Fie, fie! SALAR. Salarino Not in love, neither? Then let us say you",,,,
F315,FIC,ChangeHeart,"will To learn his wit to exchange the bad for better. -- Fie, fie, unreverend tongue! to call her bad Whose sovereignty so oft thou hast preferred",,,,
F316,FIC,MerchantVenice,". SALAR. Salarino Why, then you are in love. ANT. Antonio Fie, fie! SALAR. Salarino Not in love, neither? Then let us",,,,
F317,FIC,EarthTrembled,"and are the better for it. That's the demmed total -- oh, fie! there I am at it again. Well, Cousin Hugh, to take",,,,
F318,FIC,MartinMerrivale,"close behind, scolding him for taking her out in such a storm. "" Fie, fie! "" said Uncle Joe, in his best humor; "" you",,,,
F319,TV/MOV,Romeo and Juliet,"look'st thou sad? - I am aweary, give me leave a while. Fie, how my bones ache. What a jaunt have I had. I would",,,,
F320,FIC,WifeAtVenture,"myself to your situation purely for your benefit -- and you to behave thus, fie, fie! Ibad. Ibad It was wrong, it was wrong. What",,,,
F321,FIC,VenicePreserved,"and Theodore stand back, L. Beda. Bedamar Crossing, C. At difference? fie! Is this a time for quarrels? Thieves and rogues Fall out and brawl",,,,
F322,NF/ACAD,365ShortcutsHome,"or plaids. It is used for aprons, house dresses, etc. "" Fie upon the lexicographer or whatever they | call a person who writes a dictionary!",,,,
F323,FIC,OldStoneHouseOther,"can not see from the window. You do not like such humble flowers? Fie! Mistress Juliet, it is hard to believe that, - - even Orrin",,,,
F324,FIC,Inconstant,"sit down to answer you, for I am heartily tired. Bis. Bisarre Fie upon't; a young man, and tired! up for shame, and",,,,
F325,FIC,Inconstant,"sit down to answer you, for I am heartily tired. Bis. Bisarre Fie upon't; a young man, and tired! up for shame, and",,,,
F326,MAG,NewEngYaleRev,", Mr. Parker, account for Moses if you can. Oh, fie, fie on you, that with your Homer in your hand, and able as a",,,,
F327,FIC,LadyPirate,"gone. Then I noted that our friend Partial had gone with her. "" Fie! Partial, after all, you loved her more! "" I said to",,,,
F328,FIC,LadyPirate,"her good-looking, but I am sure I don't know why. "" "" Fie upon you! She is superb. In short, Helena, I am not",,,,
F329,FIC,IngleboroughHall,"which his grace of Lauderdale, they say, is looking after. "" "" Fie! fie! Sir Henry -- fie! Do you suppose that a thought of",,,,
F330,FIC,Play:MerchantVenice,". p. 4 SALARINO Why, then you are in love. ANTONIO Fie, fie! SALARINO Not in love neither? Then let's say you're sad,",,,,
F331,FIC,Bankrupt,"soon be there? Our children -- Gilt. Edward Giltwood Interrupting her Fie! fie! Amy. Amy Giltwood Edward, what excites you thus? Have you not",,,,
F332,FIC,BorderWarTaleDisunion,"your own woe, and feel only solicitude for the happiness of your friend. Fie! be not so pale -- or is it the MARBLE again? I have",,,,
F333,FIC,CatherineWheel,"slits of the wood, glance round, a little startled, "" Fee, fie, fo, fum, "" she said. "" I smell the blood of",,,,
F334,FIC,Clarel,"About me in this peccant air, Conjuring yet to spare, but spare! Fie, fie, that didst in formal will Plot piously the posthumous snare. And",,,,
F335,TV/MOV,Presenting Lily Mars,"that the old man had so much blood in him? Fie, Macbeth! Fie! A soldier, and afraid? What, will these hands never be clean",,,,
F336,NEWS,NYT-Reg,"on it. The Senator from Arkansas can not remain leader of the Democrats and fie the battle of the Roman Catho- a lio. "" KeFy time it is raised",,,,
F337,FIC,Stranger,"recommended me to your regard! But it must be so. -- Madam -- Fie, Adelaide! Does pride become you? Did you ever hear of the Countess",,,,
F338,FIC,LovesSacrifice,"! Spare me -- be merciful! Eug. Eugene de Lorme Fie! -- fie upon This poor hypocrisy of seeming grief! Mar. Margaret Eugene -- oh,",,,,
F339,FIC,Orlando,"Alecto's scourge Of snakes, I'd lash her roundly o'er the earth! Fie, fie upon myself! I'm ireful now. Down, anger, down",,,,
F340,FIC,PersonsPictures,"and bows! The traitors are without! The doors are barred! Treason! fie, treason! "" It was the voice of Catherine Douglass -- and at her",,,,
F341,FIC,WidowsMarriage,"imperious ladyship -- Lady G. Lady Goldstraw Fie! Nick, You over-rank me, fie! Call me plain Lady -- Plain Lady Ruffler. color=redPage 178 Nick. Nick Prior",,,,
F342,MAG,Century,"attached - which threatens to throttle him, being about his neck. Oh, fie! Now, here. The old Doctor's spider's web must, of",,,,
F343,FIC,IvoryMischief,"told that you were out. Did the Marechale fail to deliver my messages? Fie, madam, I believe you must have played me false there!' Magdelon",,,,
F344,FIC,WeOurNeighbors,"Paris letters. "" "" Are they very long? "" said Harry. "" Fie now, Harry; you ought to be interested in the girls. "" """,,,,
F345,FIC,BricksWithoutStraw,"I inquire who constituted you either my judge or my accuser. "" "" Oh fie! Hesden, "" said his mother. "" Isn't Hetty one of the",,,,
F346,FIC,MorningNoonNight,"He will drive his chaste sister to cry: Oh, fie, fie, fie! He sues to live; he is ready to accept the weariest and most",,,,
F347,MAG,Atlantic,see what it is all trout..1 hailer must not be too modest to fie must have some way of apiirising his followers of his whereabouts. This is not,,,,
F348,FIC,RoadToFortune,"de body ob de discoberies. (Kneels before Catharine.) Catharine. Catharine Fie, for shame, Pompey! Pompey. Pompey Dis nigger's not in lub",,,,
F349,FIC,NabobVolume12,"back is turned we divide the fruit of the crime, laughing like brigands. Fie! Monsieur Passajon. Such performances at your time of life! Oh! Mon",,,,
F350,FIC,MartinMerrivale,"you mean to tell me I an't? "" demanded Aunt Lucia. "" Fie, fie, mother! keep your temper. "" "" Keep my temper! -- Do",,,,
F351,NF/ACAD,PrimitiveLoveLove-,"of the "" self-harming "" kind of which one of Shakspere's characters exclaims "" Fie! beat it hence! "" Too often, however, women have cause for",,,,
F352,FIC,ParisRev,"Trust me, "" he whispered. "" This stuff rots your brains. "" Fie stood up, scratching his head, his armpit a rat' s nest of",,,,
F353,FIC,NabobVolume12,"I'll wager Bois-l'Hery got' em for six thousand. "" "" Oh! fie, fie -- a gentleman! "" said Jenkins, with the indignation of a",,,,
F354,FIC,AmericanFamily,""" and if we are, we may never get back again! "" "" Fie! Anne, don't be a coward, for I am very certain we",,,,
F355,FIC,CharlesSecond,". He does not look so very ferocious, neither. Fie, sir, fie! what, steal the jewels of the crown? Chas. King Charles II",,,,
F356,FIC,GreenMountainBoy,"Mrs. Shakspeare that is to be. El., Ellen Tomkins L. O aunt! fie! I hate the men! Tom. Tomkins Why, can I believe my",,,,
F357,TV/MOV,Hamlet,"my heart with words and fall a-cursing like a very drab, a scullion. Fie upon't, foh! About, my brain. I have heard that guilty",,,,
F358,NF/ACAD,PhilosophySpeech,is these very discrepancies between the sound and the form of words which start t fie mind reflecting about the origins of our speech. The same i,,,,
F359,MAG,Harpers,the English Government was so impressed with the peculiar value of Barth's services that fie was unable to procure his release on the ground of his father's disinclination to,,,,
F360,FIC,CavaliersVirginia,"had not announced your nomination for a secondary office. "" "" O fie, fie, Virginia, I did not think you could play the hypocrite so well.",,,,
F361,FIC,JanetsLoveService,"country.' "" Janet made no secret of her tears now. "" Hoot fie, Janet, woman, "" said her mother, affecting anger to hide far",,,,
F362,FIC,DrSevier,wit on earth. They walked on in their bliss. Shall we follow? Fie! They passed down across three or four of a group of parallel streets named,,,,
F363,MAG,SportsIll,"order to take advantage of a rematch purse and betting odds. Let us say fie on such notions, which are belied by the pictures on the next few pages",,,,
F364,NF/ACAD,RudimentsArtBuilding,"2nd. It may be glued np in thicknesses, as shown in fig. Fie 93-' **' wn' cn must ## when thoroughly dry, be planed",,,,
F365,FIC,Play:CalibanByYellow,"piteous aspect. See you here, sir? ANTONY Hiding his face. O fie, fie, fie! CHARMIAN Bending over her. Madam! EROS Appealing to",,,,
F366,FIC,IngleboroughHall,"say, is looking after. "" "" Fie! fie! Sir Henry -- fie! Do you suppose that a thought of that kind ever occurred to me?",,,,
F367,FIC,YoricksLove,"!' T is not for young maids to hear. DOROTHY: Oh! fie, Gregory! Shall they not hear it in the theatre! Sweet Gregory,",,,,
F368,FIC,FantasySciFi,"missing, for Mutano substituted a harmless bit of obsidian in that same shape to fie in the casket by the diamond. It hath no occult powers and in time",,,,
F369,FIC,WestPoint,"Arnold -- Mrs. Arnold. Mrs. Arnold Oh! I understand. Major Talmadge? Fie, fie, I can't, upon my life, see why you should",,,,
F370,FIC,DontBargainWith,'s School for Young Ladies that would be hers for the next few weeks. Fie on that wretch! She jerked a shawl from her half-unpacked trunk. How could,,,,
F371,FIC,VenicePreserved,"honest. Pierre. Pierre That's rank falsehood. Fear'st thou not death? Fie, there's a knavish itch In that salt blood, an utter foe to",,,,
F372,FIC,QueerStoriesBoys,not Gleason's unrequited attentions to our heroine that prompted much of the trouble? Fie on it for a foul suggestion! Is woman to be held responsible for a,,,,
F373,MAG,Atlantic,or for any other benefit than their owntor is there any reason why it should fie expected that these disastrous competitions would be carried on beyond the point which the competitors,,,,
F374,FIC,DyingKeepHim,But a stone. TOMASO. TOMASO. A woman! ZIPPA. ZIPPA. Fie! what's this you're going to tell me? TOMASO. TOMASO.,,,,
F375,FIC,SquireHartley,"knock its head off when ever she has a mind. Aunt. Aunt Deborah Fie, brother, I shall speak to Sir Edmund -- Sir Edmund, my brother",,,,
F376,FIC,Play:RobinHoodMerry,"! I want a greater thing -- a kiss from thee! DOROTHY Oh, fie! LITTLE JOHN' T is all I crave! DOROTHY Well --' t",,,,
F377,FIC,HeartsHighway,"you be.' T is but a trick to turn me from him. Fie, think you that will avail? Think you that a sister's heart counts",,,,
F378,FIC,TalesChesapeake,"his shodden staff, and ejaculating, "" Foei! weg! fychaam u! Fie! leave off! fie on you! What absurdity is this on the property",,,,
F379,FIC,IngleboroughHall,"suppose that a thought of that kind ever occurred to me? Oh no -- fie! fie! but, on my word, I believe I can do it",,,,
F380,FIC,Inconstant,"runs to MIRABEL, the rest to OLD MIRABEL. Dug. Dugard Fie, fie, Mirabel, murder your father! Mir. Young Mirabel My father! What",,,,
F381,NEWS,Chicago,"had to have groceries, and I told him so. He told me again fie was going to kill me, so I got the gun. "" Mettle Pearl",,,,
F382,FIC,Julian,"forge Inimitable woman, without fire From Heaven's bright furnace! THERSITES. Thersites Fie, old Cheops, fie! Thou superannuated libertine, Thy dingy brows frosted with",,,,
F383,FIC,Contrast,"! "" "" Ha! General, what a well-turned -- "" LETITIA Fie! fie! Charlotte stopping her mouth, I protest you are quite a libertine. CHARLOTTE",,,,
F384,MAG,Atlantic,"lectured at many intervening towns. Often he scent farther, to the Pac i fie Coast. Into an hour's talk he would pack a mass of compressed Information",,,,
F385,FIC,Deformed,"for yourself. There is honeyed poison! You know the hand. O, fie, my lord, my lord! Duke. Duke of Florence Can it be",,,,
F386,FIC,CharlesSecond,"Mary Copp Drawing back. He does not look so very ferocious, neither. Fie, sir, fie! what, steal the jewels of the crown? Chas",,,,
F387,FIC,MerchantVenice,"t is mine, and I will have it: If you deny me, fie upon your law! There is no force in the decrees of Venice: I",,,,
F388,FIC,Play:CalibanByYellow,"him, pinch, burn him, and sing: Fie on sinful fantasy! Fie on lust and luxury! Lust is but a bloody fireKindled with unchaste desire,",,,,
F389,FIC,Sertorius,"expires, And pensive sadness fills the throne of joy. SERTORIUS. QUINTIS SERTORIUS Fie, fie, Perpenna -- thou, a camp bred soldier, With tongue untutor",,,,
F390,NEWS,Chicago,"board of advisers to Harper College's fashion program. But its not enough. fie says, he will not rest until he's admitted to The Fashion Group.",,,,
F391,FIC,BrotherToDragons,"that old tale o'er a hundred times; and thou too, my lord? Fie, then! Wouldst seek to flatter thy old nurse with this seeming eagerness?",,,,
F392,FIC,VolumeFromLife,"a liberal education, and one is as profitable as the other. "" "" Fie, Alfred, "" cried Mr. Vernon, "" you are as bad as a",,,,
F393,FIC,HeartsHighway,"left, calling out to her sister to go homeward with a laugh. "" Fie on thee, Catherine! "" she cried out. "" If thou art abroad",,,,
F394,MAG,Century,"this is your friendship, what would be your love!)) ((Fie! fie! Hush!)) she said, and was gone. In",,,,
F395,FIC,Texas,", now and then. U. S. Army buys mules all the time.' fie wrote out his name and address for Macnab, and added:' I've",,,,
F396,FIC,HairyApe,"imbedded in the heart of the ship. All the men jump up mechanically, fie through the door silently close upon each other's heels in what is very like",,,,
F397,FIC,Harpers,", he would see the old man putting his boat in the sea, and fie would join him. "" Shall 1 conic with you, Perez? "" """,,,,
F398,FIC,MarbleFaun-Volume1,""" I have neither your faith, dear Hilda, nor your perceptive faculty. Fie! what a blurred scrawl it is indeed! "" The drawing had originally been",,,,
F399,NF/ACAD,EnglishFairyTales,"Childe Rowland to the Dark Tower came.... "" His word was still: "" Fie, foh and fum, I smell the blood of a British man. """,,,,
F400,FIC,TruceGod ATale,"so suddenly. That Henry de Stramen should thus pursue a boy! - - fie! It is a stain upon his manhood! "" Gilbert looked up in the",,,,
F401,NF/ACAD,ArchitectureDeconstruction,"those who occupy it: "" proximity to the source is a mystery. "" fie To be at home is precisely to be at home with this irreducible mystery.",,,,
F402,NEWS,NYT-Reg,"nominated, he could regain his retirement pay and 4dlowanceso but for the time beingi fie has clearly tried to place hiinCelf in a. position where he is free to participate",,,,
F403,FIC,WhenLifeIsYoung,"nor right. "" "" You won't, you naughty boy? Oh, fie! You dare to tell me mind my eye? Come down this instant!",,,,
F404,TV/MOV,Hamlet,", flat, and unprofitable seem to me all the uses of this world. Fie on' t, ah fie.' T is an unweeded garden that grows",,,,
F405,FIC,RomanTraitorVol12,"in company toward the river. CHAPTER VI. THE FALSE LOVE. Fie, fie, upon her; There's a language in her eye, her cheek,",,,,
F406,FIC,ChimesAlyafaleyn,"he had expected. Oh, to think of all that he was missing! fie pictured Rufina lying on her bed, her skin clammy and cold, her brow",,,,
F407,FIC,MerchantVenice,"t is mine, and I will have it: If you deny me, fie upon your law! There is no force in the decrees of Venice: I",,,,
F408,FIC,NabobVolume12,"wager Bois-l'Hery got' em for six thousand. "" "" Oh! fie, fie -- a gentleman! "" said Jenkins, with the indignation of a noble soul",,,,
F409,FIC,PoemsNathaniel,"come to that -- we're free by habeas corpus. XXXIV. ("" Fie, what a naughty shawl! No expos, I trust, love, eh",,,,
F410,NF/ACAD,AmericanInParis,"you can't have need of any other kind of ea-bottomy. "" "" Oh fie, brother! -- I declare I like the Americans very much; they are",,,,
F411,FIC,KnightGoldenMelice,", where it shows so prettily, "" replied Arundel, saluting her. "" Fie! Master Miles, "" exclaimed Prudence, but not looking at all displeased.",,,,
F412,NEWS,Chicago,"of our own men spent the winter tut-, der canvas, too. "" fie added that if reports of mistreatment are proved, offenders would be punished.",,,,
F413,FIC,HeartsSecretOr,"go to-morrow -- at least I fear I shall not. "" "" Fie, fie, my daughter; thou, the prettiest bird in all the island, to",,,,
F414,FIC,LauncelotGuenevere,"nigh -- And this is Cupid's ladder. Lionors. Lionors. Oh, fie! it is a jade's song. Naughty boy, You must be good",,,,
F415,FIC,BrotherClerks,"I may know how strong a fortification my eyes need against finger-nails. "" "" Fie, Della! the General has never been married, and you will no doubt",,,,
F416,FIC,OurEnglishFriend,"I confess I never gave the matter a thought. Mer. Meryl Oh, fie! Have you no eyes for beauty? Flut. Flutterby Not of the school",,,,
F417,FIC,LeonorDeGuzman,"I see thy drift: Thou wouldst evade thy duties, governor. O, fie! do courtesy by deputy? Cor. Alonso Coronel Now, my dear friend",,,,
F418,FIC,LadyPirate,"that they were mallards and teals, a couple of dozen at least. "" Fie, fie! "" said I. "" I fear you've been shooting on the",,,,
F419,FIC,CharlottesDaughter,"Matthews, his precise Lady, and the dictatorial Mrs. Cavendish. "" "" Oh fie! Lady Mary, "" replied Lucy, with something of sternness in her voice",,,,
F420,FIC,BeatrixClare,", inviting him to join them. But he declined with sarcastic pleasantry. "" Fie, sir! It was not a gallant speech, "" cried the Lady Strange",,,,
F421,FIC,SunnySouthTheSoutherner,"the -- d --! would generally be to pay --. "" ("" Fie, colonel! "" I said, trying to stop the word at the syllable",,,,
F422,FIC,MerchantVenice,". Salarino Why, then you are in love. ANT. Antonio Fie, fie! SALAR. Salarino Not in love, neither? Then let us say you",,,,
F423,FIC,Caprice186-?,". Sir E. Sir Edward Mordaunt What, secrets between us already? O, fie! there should be no secrets between man and wife. Lady B. Lady Blanche",,,,
F424,FIC,SwallowBarnASojourn,"it right to tell. He travels on a line that runs to marriage. Fie, my young mistress, you would not be obstinate with such a gentleman!",,,,
F425,NF/ACAD,ByOrderKing,"lovers nor chastity. She walled herself round with pride. Men! oh, fie! a god only would be worthy of her, or a monster. If",,,,
F426,FIC,FirelightFairy,"him, grasped the enchanted flower, and tossed it into a ditch. "" Fie, what a naughty page! "" cried the lords and ladies. The company",,,,
F427,FIC,Orlando,"horizon mock'd me! Sel. Selim Fie, fie, good lady, fie! compose yourself. What use of this? there's ne'er a likelihood That",,,,
F428,FIC,RiddleyWalker,". "" Be there Honour amongst Thieves? "" it cried. "" Nay -- fie on Humankind! They'll sell yer Soul fer thirty Pieces o' Silver!",,,,
F429,FIC,BiancaCappello,", that virtue I forsook, Forsaking childhood's home. Prince. Prince Regent Fie, fie, Bianca!' T is for thy virtue, more than other",,,,
F430,NEWS,NYT-Reg,today on further Administration comments about the' Formosa prob; em. The picture fie presented at the White House news conference was of a man treading softly lest he,,,,
F431,NEWS,NYT-Reg,"1898 delivered a number of effective addresses for the Republican candidate, for Governor. fie 1897 Mr. Choate was a candidate for United States Senator. but was defeated by",,,,
F432,FIC,MassachRev,"only rare gUmpses of his Mutti, slumped in front of the alehouse. "" Fie, "" his grandmother would say, avoiding the vacant hlue eyes of her daughter",,,,
F433,FIC,SpanishStudent,"the Court, who loves you, And for yourself alone. VICTORIAN. Victorian Fie! the old story! Tell me a better fortune for my money; Not",,,,
F434,FIC,SlovenlyBetsy,"she oft tore limb from limb, To gratify a foolish whim. Illustration "" Fie! "" said her mother, "" don't you know, That if you",,,,
F435,FIC,LovePrince,lieutenant. Gus. Count Gustave Giving purse. Take this. Jean. Jean Fie! Do you think such services can be paid with money? Gus. Count,,,,
F436,FIC,Harpers,"just built up to that. All the way up to that. "" T FIE reporter nodded. He had the curious feeling he was listening to a story he",,,,
F437,FIC,LeonorDeGuzman,", I have found A wench's garter, and would tie it on. Fie! fie! it turns my stomach inside out, To hear their lady-talk.",,,,
F438,FIC,EllieTheHumanComedy,"was sipping it; but the world' s a pitiful place. "" "" Fie! you are a philosopher, Heartsease. "" "" I am a wretch,",,,,
F439,FIC,HonorablePeter,"have only one. The sweetest, loveliest child you can imagine. "" "" Fie, fie, Rosebud, "" cried a voice from the doorway. "" You",,,,
F440,FIC,Play:ScarecrowThe,"the book into the fireplace.) She does not come! DICKON Fie, fie, Jack; thou must not be breaking thy Dickon's apron-strings with a will",,,,
F441,FIC,Play:ScarecrowThe,"! DICKON Eh? Why not? LORD RAVENSBANE I am a monster. DICKON Fie! fie! Thou shalt have her. LORD RAVENSBANE Have her, Dickon?",,,,
F442,FIC,Play:MerchantVenice,",' t is mine, and I will have it.If you deny me, fie upon your law! There is no force in the decrees of Venice.I stand for",,,,
F443,FIC,WarwickWoodlands,"on at the top of their pace. "" Toho! toho-o-o, Chase; fie for shame -- don't you see, sir, Shot's got him dead",,,,
F444,FIC,CaseFoSulkyGirl,"me, and sufficient for my purpose. Thank you, Mr. Rayburn. "" FIe turned and walked from the bank, leaving behind him a cold-eyed individual who surveyed",,,,
F445,FIC,JanetsLoveService,"lunch. "" They all laughed, and Arthur said, -- "" Oh, fie, Rosie! not to know these places are all beyond the limits of Canada",,,,
F446,FIC,TeresaContarini,thine! Who was't I called father? Not one who caused all this! Fie! fie! do fathers Thus immolate their children? I have heard Of pyres,,,,
F447,FIC,MartinMerrivale,"to tell me I an't? "" demanded Aunt Lucia. "" Fie, fie, mother! keep your temper. "" "" Keep my temper! -- Do",,,,
F448,FIC,Betrothal,"Marsio? Sal. Salvatore Gods! I know nothing else! Fil. Filippia Fie! restive lover! Sal. Salvatore Between Juranio and you, my knowledge,",,,,
F449,FIC,LauncelotGuenevere,"Arthur (leaving Dinadan and going over to Launcelot). Launcelot... Now, fie, fie! Be merry, man. The old rogue is well served.",,,,
F450,FIC,Bk:DropZone,"calm, encouraging. "" Who are you talking about? "" # "" Tee fie! "" # "" I don't understand what you're - "" # """,,,,
F451,FIC,DaughtersRevolution,"his oration, "" said the moderator. "" No, no! fie, fie! "" shouted a captain of the Royal Irish Regiment, and the other officers",,,,
F452,FIC,AirsPalestineOther,"in error far, If I've not seen thee lighting a cigar; -- Fie! Fie! my friend, eschew the nauseous stuff! I hate thy smoking",,,,
F453,FIC,WaitingWinter,"n't make that much difference. It's the heat of the water. "" fie was naked. "" Turn around, "" she said. "" Where did you",,,,
F454,NEWS,NYT-Reg,"Carlos Indian Agency: "" Mr. Hart, agent at San Carlos, informs me fie is entirely out of supplies for his Indians -- has not a pound of anything",,,,
F455,FIC,KateClarendonNecromancy,"be at each other's throats soon, when I saw you ride up. Fie! my cavaliers -- for shame! "" "" Your rebuke is just, and",,,,
F456,NEWS,NYT-Reg,"files and put them in his desk. He could not produce them yesterday, fie testified, because some one had stolen them from. him. Mr. Colombo was",,,,
F457,FIC,CountJulian,", -- Ada. But thou; thou thinkst' t is not enough. Fie on thee Cousin Rudolf; thou believ'st That I could plot against thy freedom?",,,,
F458,FIC,Harpers,", including "" A Law for the Lion "" and "" Portrait in Brownstone. "" fie began writing fiction at Yale and continued during off-hours from active service in the Navy",,,,
F459,FIC,LauncelotGuenevere,"your swords. He dies, Who touches these old men except with reverence. Fie, would ye strike the herald in his office Or run upon unweaponed age?",,,,
F460,FIC,ErnestMaltravers188-?,"Lady Florence To Lumley Ferrers, if he will accept of her. Fie, fie! Sir Ernest, this is not cordial greeting to your friend, but my",,,,
F461,NF/ACAD,OrdinanceWorld,"firing above noted: "" In their present con (lition these buns can not fie depended ilpon to fire, a sir) le magazine without malfunctions. W ctiter",,,,
F462,MAG,Harpers,"is the statement made in the metrical romance of "" Sir Amadas. "" "" Fie I the tales that I have been told, "" is the speech of one",,,,
F463,MAG,ChildrenToday,"D.C., Gaddy told the story of how he had everything stripped away "" until fie saw elementary school children who reminded him of himself years ago. He became a",,,,
F464,FIC,ChangeHeart,"will To learn his wit to exchange the bad for better. -- Fie, fie, unreverend tongue! to call her bad Whose sovereignty so oft thou hast preferred",,,,
F465,FIC,HonorablePeter,"one. The sweetest, loveliest child you can imagine. "" "" Fie, fie, Rosebud, "" cried a voice from the doorway. "" You shouldn't",,,,
F466,FIC,ElmTreeTales,"that these women wouldn't get such plaguy notions in their heads! Fie, fie! Captain Flin, will you let the weaker vessel go ahead of you in",,,,
F467,TV/MOV,The Merchant of Venice,"T is mine. And I will have it. If you deny me, fie upon your law. There is no force in the decrees of Venice. I",,,,
F468,MAG,NewEngYaleRev,"to you, Mr. Parker, account for Moses if you can. Oh, fie, fie on you, that with your Homer in your hand, and able",,,,
F469,FIC,Trumps,"see? and yet you talk of being my only dependence in the world! Fie! fie! Mrs. Delilah Jones. "" It was melancholy merriment. He did",,,,
F470,FIC,Inconstant,such a baby as bashfulness! A great lusty fellow! and a soldier! fie upon it. Get rid on't; get rid on't. Dur.,,,,
F471,MAG,Atlantic,"famous and honors were crowding upon him, he enjoyed them without undue elation. fie thought of what he hoped to do, not of what he had done.",,,,
F472,NEWS,NYT-Ed,"more members at large. This will give the organization an Executive Committee of? Fie hundred members, chosen in such a way as fairly to represent the character and",,,,
F473,MAG,Harpers,"children can not be happy without a little glory, you should not say, fie! at it so much. Josephine, your heart is excellent, but your",,,,
F474,FIC,AlongStreet,". "" Very well, "" said Mr. Wilde, and handed him the letter. fie relaxed in his chair as if he had finished his immediate duties and clasped his",,,,
F475,FIC,Play:Herrick,"Bob Herrick down, oh me! TEMPLE A joke, fie, father, fie! SIR TEMPLE Look on the poor man's face and tell me which it",,,,
F476,FIC,Deformed,getting into service rapidly. Ori. Oriana Why name her in my presence? Fie upon her. Lodo. Lodovico Scoff not at her; if all were branded,,,,
F477,FIC,LauncelotGuenevere [1898-1907],of men? Helen. Helen. And thou wouldst that I love thee? Fie! this is a low thought thou pluckest from its sheath. Chorus. Chorus,,,,
F478,FIC,RobBowlALegend,"protection. "" "" Nay, Maria, you are too old to flatter. Fie! I have no advancement to offer thee. In truth thou art sovereign here",,,,
F479,FIC,ScarletLetter,"the Word, like the Reverend Mr. Dimmesdale! "" "" Fie, woman, fie! "" cried the old lady, shaking her finger at Hester. "" Dost",,,,
F480,FIC,NobleExile,"good season. We were just speculating on your weight. Martha. Martha Mathews Fie upon you, brother! Mrs. M. Mrs. Mathews (aside). What will",,,,
F481,FIC,SouthernRev,"I smell tobacco, "" she announced as Peter approached. "" Well, Fee Fie Fo Fum to you too, lady. I just put it out, OK",,,,
F482,FIC,LauncelotGuenevere [1898-1907],"That will not do. Curse him, they will not doubt his word. Fie, fie! Can not I weave a better lie than this? --'",,,,
F483,FIC,HorseShoeRobinson,"from your own observation, filled with the courtesy and grace of a gentleman. Fie, daughter! it is sinful to derogate from the character of an honorable man",,,,
F484,FIC,Play:CalibanByYellow,"ALL As they dance about him, pinch, burn him, and sing: Fie on sinful fantasy! Fie on lust and luxury! Lust is but a bloody",,,,
F485,MAG,SatEvePost,"of his income to rent a cabana at one of the better beach hotels. Fie never uses it himself, but his wife, a chronic invalid from heart trouNe",,,,
F486,FIC,FarmLegends,"An' never awake my fancy like them that's good an' old. Fie on your high-toned gimcracks, with rests an' beats an' points, Shaking",,,,
F487,FIC,DeansDecember,"the neck.' Maybe you'd have me go easy. Say,' fie got it fuckin a sleeze in the ville at the height of orgasm.'",,,,
F488,FIC,Clarel,"how few may claim, And each pure nature pines in dearth -- Fie, fie, thy soul might well take shame.' -- There sunk my heart --",,,,
F489,FIC,WanderingBoys,"Marceline Ay -- your old way of talking! you always will be suspecting! Fie, Hubert! you ought to be ashamed of yourself. Hub. Hubert Look'ye",,,,
F490,FIC,Orlando,"e'er a brother love a sister thus? no! Ant. Antonio Fie, fie. Orl. Orlando I tell thee, friar, thou must wed us.",,,,
F491,FIC,Richelieu,"to take advantage of her helpless, defenceless, situation -- Oh, fie! fie! -- A ruffian could not have done worse!' T was unworthy of",,,,
F492,MAG,Atlantic,"from the regulars, the onespeople think of as an essential part of the equi fie. Even Mercedes, an organization that was very strict with drivers, saw you",,,,
F493,FIC,Clarel,"heart-peace, how few may claim, And each pure nature pines in dearth -- Fie, fie, thy soul might well take shame.' -- There sunk my",,,,
F494,FIC,VariousWritings,"and it might have been as easily done as kissing a wench. BRISK. Fie, fie, Crowder! -- we must move gently; anything but a misdemeanor",,,,
F495,FIC,WorldMask,"look to me; I have known him from my cradle. -- Oh, fie! I vex you. I have done. Gal. Galldove Rylton and I",,,,
F496,FIC,PoemsHenryVanDyke,", fool, and what she would do if her husband returned. SHUMAKIM: Fie! fie! That is no talk for an innocent fool to hear. Has",,,,
F497,FIC,Play:Herrick,", was that hoof-beats on the turf? HASTINGS Nay, I heard naught. Fie, are we women to be so alarmed? MR. WETHERIDGE I like it",,,,
F498,FIC,IngleboroughHall,"then I'd marry the foul fiend if need were. "" "" Fie! fie! Mark! "" answered Hale -- "" don't talk in that profligate manner",,,,
F499,FIC,Orlando,"scourge Of snakes, I'd lash her roundly o'er the earth! Fie, fie upon myself! I'm ireful now. Down, anger, down. Sits",,,,
F500,FIC,RoyalApe,"of him! Kate. Kate And so can I. Kitty. Kitty O! fie! fie, Kate! where is your modesty? To offer, in the",,,,
F501,FIC,PoemsNathaniel,"nicer? Had he a "" friend "" sub rosa? No, sir! Fie, sir! LXXVIII. Then why neglect her? Having said he did,",,,,
F502,FIC,Play:FirstFlight,"ain't been dancing with him, not a reel, sir -- telling him fie and foe, and how she's saving her powers for that red-headed cap'n who",,,,
F503,MAG,Harpers,of you more force of character. They tell me that you weep continually. Fie! How unbecoming that is. Your letter of the 7th of January gave me,,,,
F504,FIC,OldStoneHouseOther,"can not see from the window. You do not like such humble flowers? Fie! Mistress Juliet, it is hard to believe that, - - even Orrin",,,,
F505,FIC,SpanishHusband,". Don Carlos Tulips, dear, like these! Kisses her Cari. Cariola Fie, sir! Carl. Don Carlos Nay, nay, no pouting. Come",,,,
F506,FIC,Harpers,"one knows you're there, no one knows when you're gone. "" fie lit cigarettes for them both, cupping the match though there was no breeze in",,,,
F507,FIC,UntilKnightComes,"and her own pain slipped over her like a sheet of cloaking ice. "" Fie, but you have lost your wits, eh? "" The alewife leaned close",,,,
F508,FIC,SouthernRev,"n't have to explain to anyone. That's the problem with this stupid lit fie village. Everything wants explaining, as if we had the whole world, right",,,,
F509,NEWS,NYT-Ed,"maintaining his establishment rises. At last be is unable to' keep up. fie must' sell out. And the- buyers are, tlioSe..' who.",,,,
F510,FIC,WomanWhoDared,". See you to my basket. "" "" Rachel! Stop, Rachel! Fie, you forward girl! Don't think of it: come back! back",,,,
F511,MAG,Time,". "" The phrase came from its prize, unpredictable Critic-Columnist George Orwell. # Fie on the Finns. Early in the Tribune's career, it had narrowly escaped",,,,
F512,FIC,Shoulder-Straps<,"have been surprised if you had not come back in a week. "" "" Fie! fie! Dick Crawford! I have half a mind not to play for",,,,
F513,MAG,Time,". She sang # By Gis and By Saint Charity, # Alack, and fie for shame.... and others of the warped lyrics of Ophelia-the Ophelia",,,,
F514,FIC,WidowsMarriage,"could love thee, as thou dost deserve; But love! -- O, fie! I'll swear I can not love. Yet I must feign it;",,,,
F515,NEWS,NYT-Reg,"who called on him at the Hotel' Vittoria. "" No one is forcing Fie to sing at - any specified time, and the moment when I shall sing",,,,
F516,TV/MOV,The Merchant of Venice,"Believe me, no. Why, then you're in love. Fie, fie, fie! Not in love either? Then let us say you are sad",,,,
F517,FIC,SouthernRev,". God has looked after them these past three hundred years without your help, Fie won't -- "" # "" God? "" I said. Because I had",,,,
F518,FIC,Cigarette-Makers,"and not you only, but your friends and your rag and your tag! Fie! If you stay here long we shall end in dust and feathers! But",,,,
F519,FIC,ChangeHeart,"wants resolvd will To learn his wit to exchange the bad for better. -- Fie, fie, unreverend tongue! to call her bad Whose sovereignty so oft thou",,,,
F520,MAG,NewEngMag,"Grignon. They had never seen or held any communication with each other, as fie Reinville said, and both were men of good character. Speaking again of natural",,,,
F521,FIC,PaganMadonna,"adventure. Are you any better than he? Were those treasures honourably yours? Fie! No, I won't demand that you let him go; I'll",,,,
F522,FIC,VelvetDoublet,"desk, yet knowing the assumption was only a balm for my conscience. A fie on conscience! Bell and book for the monastery and a candle for Fray Juan",,,,
F523,TV/MOV,Romeo and Juliet,", I warrant her, she. Why, lamb. Why, lady. Fie, you slug-a-bed. What, not a word? Marry and amen, how",,,,
F524,FIC,TownWithFunnyName,"Joe Sam said mournfully. "" Not kill. You stop. "" Or did fie know? Harold thought. How can you guess what P241he sees? He slipped",,,,
F525,FIC,WidowsMarriage,"is yours, without youth's rudeness, madam. Lady G. Lady Goldstraw O fie! you flatter. Gold. Harry Goldstraw (Apart to Ruffler.) I",,,,
F526,FIC,Bankrupt,something over. Gilt. Edward Giltwood At what interest? Shorn. James Shelvill Fie! you inveterate trader! at no interest. Gilt. Edward Giltwood James!,,,,
F527,FIC,JimmyLucyAll,"us together, and we shall have a better time! "" "" Oh, fie! How could I take real live little girls into the kingdom of the elves",,,,
F528,FIC,PierreTheAmbiguities,"heaven, thou belong st to the regions of an infinite day! "" "" Fie, now, Pierre; why should ye youths always swear when ye love?",,,,
F529,NEWS,NYT-Let,"demand. With an initial expense to the American people of $500,000. - 000, fie will doubtless be able artificially to raise the price of wheat to a limited extent",,,,
F530,FIC,HeartsSecretOr,"complaint; but this business is too much for me! "" "" Fie, fie, man, "" said the prisoner, with assumed indifference; "" look upon",,,,
F531,FIC,SpanishHusband,"? Ben. Benedetto What! Take me for a story teller? Oh, fie! Hear me out: a boat brings my master ashore. He stares like",,,,
F532,FIC,SquireHartley,"Mrs. O'Dougherty as long as she lives. A wife with a brogue, oh fie! Exeunt. Scene Scene changes to the Doctor's house. Emily discovered at",,,,
F533,FIC,Poems,", may do before the world -- Because it must be done through innocence. Fie on his foul mouth who should hint' t was wrong! Who' d",,,,
F534,FIC,HonorablePeter,"one. The sweetest, loveliest child you can imagine. "" "" Fie, fie, Rosebud, "" cried a voice from the doorway. "" You shouldn't",,,,
F535,FIC,Bankrupt,"you not soon be there? Our children -- Gilt. Edward Giltwood Interrupting her Fie! fie! Amy. Amy Giltwood Edward, what excites you thus? Have",,,,
F536,FIC,PaganMadonna,"want to moralize, where's the line between the thief and the receiver? Fie on you! Dare you hang that Da Vinci, that Dolci, that Holbein",,,,
F537,MAG,NewYorker,"He wore dark glasses, on the right lens of which was painted ""' FIE "" and on the left "" MAN. "" Using a device in his mouth",,,,
F538,NEWS,Chicago,"make two or three buys. "" aarrr orisesifil? Tr nt. P nlns fie V I l.1, ppmtt? Two suburban police officers (left, back to",,,,
F539,NEWS,Chicago,"and her mother went to call on Salisbury and "" pray with him "" when fie was ill several months ago. Salisbury's wife persuaded her husband later to attend",,,,
F540,FIC,LauncelotGuenevere [1898-1907],"Arthur (leaving Dinadan and going over to Launcelot). Launcelot... Now, fie, fie! Be merry, man. The old rogue is well served.",,,,
F541,NEWS,NYT-Reg,"he was 52 years old, and born in Tripoli. The prisoner admitted that fie had booked under another name, and said that while he had been an army",,,,
F542,TV/MOV,High School High,"taken this place on as a special project. "" Fie, my lord, fie! "" Out, damned spot. Out, I say. "" Line!",,,,
F543,FIC,Play:LostColony,".) But that was before my time. (To Eleanor sharply.) Fie, rise, my child. Beauty owes little allegiance to power. (Eleanor",,,,
F544,NEWS,Chicago,"accompany the request. Please do not send article to The Tribune, but write fie. the address of the applicant and send direct Summer Dresses Heisted. "" Do",,,,
F545,MAG,AmWhigRev,"controlling power behind him. Can he be satisfied with the subordination, that cries fie! continually to his "" pride of place? "" For a time, it",,,,
F546,FIC,Clarel,"Betray the wine In autumn leaf Of vermil flame: Bramble and Thorn Cry -- Fie, for shame! "" Mortmain aloof and single sat -- In range with Rolfe",,,,
F547,FIC,GentlemansAgreement,"and the Nlinifys will have to promise not to give away my act, "" fie said. She nodded, and he said, "" But really. No exceptions",,,,
F548,FIC,MartinMerrivale,"together for the kitchen. "" I hate this whispering -- whispering. "" "" Fie, fie, mother! "" replied Uncle Joe. "" If it' s",,,,
F549,MAG,SatEvePost,. Madame Balboni and all the little Balbonis having fun in an informal program. Fie wants us to write a script for next week -- get this -- just like,,,,
F550,FIC,PoemsHenryVanDyke,", and what she would do if her husband returned. SHUMAKIM: Fie! fie! That is no talk for an innocent fool to hear. Has she a",,,,
F551,TV/MOV,Crazy Ex-Girlfriend,"lot in common. And I'm not just talking about the pizza and the fie. Mm-hmm. Oh, you know what? Until my business cards come in",,,,
F552,NEWS,Chicago,""" published in 1919 by Charles Scribner's Sons. If his children -- or fie? were away from the White House, he wrote them notes amusing, chatty",,,,
F553,FIC,Orlando,"and steel to clinch each the other; I know it. Hel. Heline Fie, fie, how can you say so, Claude. Cla. Claude Marry",,,,
F554,FIC,Witchcraft,"rumor, once born, Has children and great children beyond account. Ambla. Fie, fie, Gideon, they' re better useful: Whene'er I have hard",,,,
F555,FIC,Ishmael InDepths,"had received a wound, while all the boys exclaimed simultaneously: "" Oh, fie! "" or "" Oh, Alf, how could you say such a thing",,,,
F556,NEWS,NYT,"a fifty- dollar steak when Junior next to me is screaming' Fie truck! Fie truck!' "" # "" I agree. But like I said, Dante",,,,
F557,FIC,AnAmericanDream,"I said, "" Shago said to wish you good luck.' "" "" Fie did? "" She seemed thoughtful. "" Well, if he comes back,",,,,
F558,FIC,KnightsTemptation,". # His gaze shifted, like a hawk assessing the landscape before him. Fie, but he was an imposing man. His cloak's hood covered the crown",,,,
F559,FIC,MrTuttFindsWay,"You mean a doll? Sho' Ah kin sell you a doll. "" FIe scuffed into an adjoining room and returned with a pasteboardbox containing a double-row of waxen",,,,
F560,FIC,VirginiaQRev,"who only agreed to talk to me on term s of strict anonym ity. Fie told me that when he gave up wrestling, he had throw n away his",,,,
F561,FIC,WidowsMarriage,"Of where the French go. If the French go -- Lady G. Lady Goldstraw Fie! Your tongue is idler than your hands. Go, go; Get to",,,,
F562,FIC,MorningNoonNight,"chance. He will drive his chaste sister to cry: Oh, fie, fie, fie! He sues to live; he is ready to accept the weariest",,,,
F563,NF/ACAD,KoranAl-Quran,"them attain to old age with thee: and say not to them, "" Fie! "" neither reproach them; but speak to them both with respectful speech;",,,,
F564,FIC,FantasySciFi,"a mounted knight, riding a gray war horse and wearing a blue-and-white surcoat, fie is most likely wounded. Have you seen him? "" # "" No,",,,,
F565,FIC,Harpers,"a cloud of smoke and r-emoved the bad hand and it seemed good again, fie looked, narrow-eyed, down at the mob and nodded his head. The bright-crested",,,,
F566,FIC,Play:NurseryMaidHeaven (1),"proposal coming from Sister Benvenuta -- that alone -- ABBESS That will do. Fie, fie, little sister. The Sacred Bambino is not your serving Cavalier,",,,,
F567,FIC,VenusInBoston <,"! You are not offended at my familiarity? "" The Duchess only said "" fie! "" and pouted for a moment, so as to display her ripe lips",,,,
F568,FIC,VelvetDoublet,"his stern and a blast and shouted that we were Andalusians from Palos and a fie for a Portuguese parvenu with four bombards. The patrol did not hear him,",,,,
F569,NF/ACAD,HistoryEnglish,"be told what it was, and recoiled in horror. He was prudish: Fie, fie, for shame!' he said to a troupe of topless dancers",,,,
F570,FIC,MotorGirls,", and not even scraping the tires; after me -- even kissing you! Fie! fie! little girl. Some day you may want another machine -- or",,,,
F571,MAG,NewEngYaleRev,"These are the subjects of the two Treatises, entitled Kar4'o * tw, and FIe * L * E * o1veta5. But the contemplation of the work to be",,,,
F572,FIC,RiseDavidLevinsky,"? "" "" Because it is a sin to do so, my comfort. Fie upon it! "" This answer settled it. One did not ask why it",,,,
F573,FIC,SmirtAnUrbaneNightmare,", almost inaudibly: "" No, sweetheart, but you go too far! Fie, sweetheart, stop, stop! all, but do not stop! Oho",,,,
F574,FIC,ArtDisappearing,", shame, fifty tigerish feelings that could not find expression. "" Fie, fie, Colette! You have proved that I am Arthur Dillon. Why go back",,,,
F575,FIC,Play:Herrick,". TEMPLE Your secret? Tell-tale face? Ah -- what --? AUNT TEMPLE Fie, thou dost dissemble now. But thine eyes were keen, ah, I",,,,
F576,FIC,Julian,"fire From Heaven's bright furnace! THERSITES. Thersites Fie, old Cheops, fie! Thou superannuated libertine, Thy dingy brows frosted with seventy winters. CHEOPS.",,,,
F577,FIC,LauncelotGuenevere [1898-1907],"leaving Dinadan and going over to Launcelot). Launcelot... Now, fie, fie! Be merry, man. The old rogue is well served.... It",,,,
F578,FIC,MartinMerrivale,", scolding him for taking her out in such a storm. "" Fie, fie! "" said Uncle Joe, in his best humor; "" you know I",,,,
F579,NEWS,Chicago,"havp been roosting around In circus side shows or licking dry snoopers. Pee, fie, fo, furry, I smell the blood of an Englishman. "" Ah",,,,
F580,TV/MOV,The Merchant of Venice,", no. Why, then you're in love. Fie, fie, fie! Not in love either? Then let us say you are sad because you",,,,
F581,FIC,YoricksLove,"!' T is not for young maids to hear. DOROTHY: Oh! fie, Gregory! Shall they not hear it in the theatre! Sweet Gregory,",,,,
F582,FIC,Speedboat,"that I'm broke. "" "" Yeah. I've got money. "" FIe knows he has thirty-some dollars. If he were going into the grocery store he",,,,
F583,FIC,TroubleWithBrasses,"in the balance. "" A few days, "" she said dismissively. "" Fie upon them! What can be done in so little time that has not been",,,,
F584,FIC,PoorGentleman,", at the bottom of Waggon Lodge Field. Foss. Corporal Foss Oh, fie! you should have looked to them better. Ste. Stephen Harrowby Looked to'",,,,
F585,MAG,Century,"your friendship, what would be your love!)) ((Fie! fie! Hush!)) she said, and was gone. In two hours",,,,
F586,MAG,NorthAmRev,"frequenting the walks. But these are rejected for this abominable game of chess. Fie, then, Mr. Franklin! But amidst my instructions, I had almost forgot",,,,
F587,NEWS,Chicago,"people who have it in them to be first but who finish second, "" fie said -- but he also came thru with the money. For it was Joe",,,,
F588,MAG,Atlantic,to full maturity with this new century of our national existence and to full self-consciousness fie a nation. And the day of our isolation is past. We shall learn,,,,
F589,FIC,JimmyLucyAll,"But I couldn't back out after I was stumped. "" "" Oh, fie! Backing out is exactly the thing to do when a boy is trying to",,,,
F590,FIC,LauncelotGuenevere,of men? Helen. Helen. And thou wouldst that I love thee? Fie! this is a low thought thou pluckest from its sheath. Chorus. Chorus,,,,
F591,FIC,Betrothal,. Fil. Filippia The poison in another shape. Cos. Costanza Fie! fie! Are quibbling jests the best advice you give? Fil. Filippia' T,,,,
F592,NF/ACAD,KoranAl-Quran,"God, that which doth not profit you at all, nor injure you? Fie on you and on that ye worship instead of God! What! do ye",,,,
F593,FIC,JanetsLoveService,"n't know about that. There's Aleck and Emily. "" "" Hoot, fie, man! They cared for one another, and neither Miss Graeme, nor",,,,
F594,NF/ACAD,PrimitiveLoveLove-,"of the "" self-harming "" kind of which one of Shakspere's characters exclaims "" Fie! beat it hence! "" Too often, however, women have cause for",,,,
F595,MAG,Esquire,your questions. He defended the PLO in the Achille Lanro case because those sped fie terrorists were a PLO splinter group and Arafat rushed to the scene to help free,,,,
F596,FIC,Novels,"my father and you, which is so advantageous to yourself and your sisters. Fie upon you! Even to have entertained such thoughts fixes a stain upon your character",,,,
F597,FIC,Play:AmIGoIllSaySo,was a frame and it was not to blame. It was not shame shame fie for shame nobody nobody will know the name. And all the same he was,,,,
F598,FIC,IngleboroughHall,"So with a loud and boisterous laugh, he cried out, "" Oh! fie, you blab! You mar-sport! You have spoiled all my fun. Why",,,,
F599,FIC,DavidFlemingsForgiveness,"boy, lifting his head, "" what is the seven-and-twentieth? "" "" Oh fie, Davie! to be thinking of propositions and such-like worldly things, and this",,,,
F600,FIC,DukesPrizeStory,""" What would you? "" "" To speak to the duke. "" "" Fie, man, don't you see he's busy now? "" "" Give",,,,
F601,FIC,CountJulianThe,"woman, Toro! "" she exclaimed. "" They have raised her up -- fie -- fie -- her neck is bare, and yet she does not heed it",,,,
F602,FIC,NewGentleShepherd,"the bushy thorn, Where many a time to her your heart was sworn: Fie, Bauldy, blush, and vows of love regard! What other girl would",,,,
F603,FIC,BricksWithoutStraw,"to kill the last one of' em to have any peace. "" "" Fie, sheriff, "" laughed the chairman good-naturedly; "" you seem to be vexed",,,,
F604,FIC,CopperStreakTrail,"capital G? Nix! You appealed to ambition, egotism, and greed.... Fie! A fie upon each of you! "" "" Don't do that!",,,,
F605,TV/MOV,The Merchant of Venice,"soul. No! Who's there? - Signior Antonio! - Fie, fie, Gratiano.' T is ten o'clock, our friends all wait for you",,,,
F606,FIC,PierreTheAmbiguities,"possesses thee, my son? Speak, this is incomprehensible! Lucy;? fie!? not she?? no love-quarrel there;? speak, speak,",,,,
F607,FIC,RiddleyWalker,"began to sputter and shake like a Tea Kettle o'er an open Fire. "" Fie on yer Impertinence, Strumpet! If ye have such a fine Protector in this",,,,
F608,TV/MOV,Hamlet,"to me all the uses of this world. Fie on' t, ah fie.' T is an unweeded garden that grows to seed. Things rank and",,,,
F609,MAG,Atlantic,"time he brought triumphantly back a string three feet long of dried sausages. Haef. fie always did have a healthy appetite, and it transpired that on the way hack",,,,
F610,FIC,LegacyLehr,"'s ire discomfort, "" he said in a tone of mock-injury. "" If fie so great, why don't you find me a cure? And, yes",,,,
F611,NEWS,NYT-Ed,"dentistry was required to ex. hibit a diploma, it could not be stopped, fie it is a lamentable fact that thousands 01 men and women who live by quackery",,,,
F612,FIC,LovesSacrifice,"not nameless, But called Eugene de Lorme. Friar. Friar Dominic Fie, fie, young braggart! I knew De Lorme, whom thou wouldst claim for father",,,,
F613,MAG,SatEvePost,"in Moscow. It was New Year's Eve, and the athletes were T FIE invited to the traditional ball in the Kremlin. Five orchestras, from a symphony",,,,
F614,FIC,Harpers,"Pio said. "" What does one more week matter? "" Cathay JOHN LOEHLIN FIE book closes. The walls suddenly fade, I and we are lost upon an",,,,
F615,FIC,Inconstant,"R. DUGARD runs to MIRABEL, the rest to OLD MIRABEL. Dug. Dugard Fie, fie, Mirabel, murder your father! Mir. Young Mirabel My father",,,,
F616,FIC,MemoirsPreacher,""" Friend, thou art behaving exceedingly bad, "" said Martha Lott. "" Fie! Shame on thee! to brandish these weapons at the breast of a defenceless",,,,
